source_country,target_country,avg_tone,positive_ratio,article_count
Argentina,India,1.2028,73.21,56
Argentina,Netherlands,0.422,62.82,1872
Argentina,China,0.0677,48.67,10006
Argentina,Finland,0.0593,51.42,739
Argentina,Czech Republic,0.0256,53.07,1157
Argentina,Italy,-0.0517,55.6,19276
Argentina,Greece,-0.2727,50.79,3666
Argentina,Chile,-0.294,48.85,4422
Argentina,Japan,-0.365,47.01,7653
Argentina,New Zealand,-0.3776,45.05,768
Argentina,Denmark,-0.3991,43.99,2080
Argentina,Argentina,-0.4129,46.06,371966
Argentina,Vietnam,-0.4171,56.96,79
Argentina,Norway,-0.4513,43.76,2587
Argentina,Belgium,-0.5565,42.56,2474
Argentina,Singapore,-0.5836,37.67,584
Argentina,Spain,-0.6487,44.65,32393
Argentina,Australia,-0.7445,45.35,1453
Argentina,South Africa,-0.8515,46.29,1320
Argentina,United States,-0.8626,39.61,64375
Argentina,Colombia,-0.8923,41.65,12270
Argentina,Brazil,-0.9172,43.78,36987
Argentina,Portugal,-0.9476,39.26,4300
Argentina,Indonesia,-0.9594,43.33,900
Argentina,France,-1.1355,37.9,18930
Argentina,United Kingdom,-1.1597,35.79,14576
Argentina,Germany,-1.2394,35.36,14176
Argentina,Turkey,-1.3112,34.53,5621
Argentina,Thailand,-1.4133,38.81,938
Argentina,Bangladesh,-1.439,52.38,42
Argentina,Canada,-1.4469,35.36,8208
Argentina,Romania,-1.4627,33.33,453
Argentina,Peru,-1.5311,34.38,7394
Argentina,South Korea,-1.5351,39.88,1507
Argentina,Poland,-1.5698,34.48,1917
Argentina,Egypt,-1.5895,29.51,1789
Argentina,Mexico,-1.6234,30.55,28911
Argentina,Sweden,-1.6481,29.49,74021
Argentina,Malaysia,-1.7137,31.1,463
Argentina,Hungary,-1.8498,26.28,1758
Argentina,Qatar,-1.885,21.59,454
Argentina,Nigeria,-2.117,42.47,332
Argentina,Saudi Arabia,-2.5509,18.9,4470
Argentina,Russia,-3.1428,11.65,25261
Argentina,Ukraine,-3.2812,6.31,14549
Argentina,Philippines,-3.4911,14.97,768
Argentina,Iraq,-3.92,4.12,2960
Argentina,Iran,-3.9818,3.2,80572
Argentina,Israel,-4.0857,5.56,11968
Argentina,Pakistan,-6.0792,1.84,3042
Australia,Peru,1.5114,77.75,391
Australia,Finland,1.503,75.63,677
Australia,Chile,1.2957,78.93,522
Australia,Italy,0.9455,70.13,5989
Australia,Indonesia,0.3733,60.53,3689
Australia,Argentina,0.2402,52.62,439
Australia,Japan,0.2028,53.66,6632
Australia,Czech Republic,0.1916,71.03,145
Australia,South Africa,0.1053,57.61,1031
Australia,Vietnam,0.0523,65.98,1211
Australia,Colombia,0.0043,44.76,382
Australia,Singapore,-0.1155,55.51,1126
Australia,Malaysia,-0.2397,42.76,739
Australia,Greece,-0.2718,57.12,1103
Australia,Romania,-0.3143,61.82,110
Australia,Netherlands,-0.3248,59.87,755
Australia,Denmark,-0.3479,44.79,1659
Australia,China,-0.7163,44.28,16682
Australia,Spain,-0.8042,46.53,2495
Australia,Belgium,-0.8854,48.72,390
Australia,Canada,-1.013,44.96,5681
Australia,France,-1.0325,41.73,6063
Australia,Philippines,-1.043,46.24,1397
Australia,Sweden,-1.0435,51.68,952
Australia,Thailand,-1.0895,42.6,1918
Australia,Australia,-1.1684,38.53,270291
Australia,United Kingdom,-1.18,32.47,20795
Australia,Poland,-1.2428,39.33,267
Australia,New Zealand,-1.2608,44.59,4041
Australia,South Korea,-1.3367,54.89,2237
Australia,Egypt,-1.4374,42.55,1342
Australia,Germany,-1.4935,33.97,3506
Australia,India,-1.5364,35.8,2528
Australia,Norway,-1.6272,30.15,1310
Australia,United States,-1.7497,27.7,32409
Australia,Bangladesh,-1.7696,26.15,1021
Australia,Turkey,-1.8132,31.46,1103
Australia,Brazil,-2.1209,31.83,1062
Australia,Saudi Arabia,-2.2066,22.93,2481
Australia,Portugal,-2.5275,18.04,327
Australia,Hungary,-2.6205,29.08,815
Australia,Mexico,-3.2764,16.77,3762
Australia,Qatar,-3.38,7.08,2866
Australia,Ukraine,-3.4997,4.72,9626
Australia,Russia,-3.5151,7.01,11412
Australia,Iran,-3.6885,4.22,42205
Australia,Iraq,-4.0322,3.19,2602
Australia,Israel,-4.0731,3.91,29543
Australia,Pakistan,-5.6648,11.19,3896
Australia,Nigeria,-6.6473,13.99,536
Bangladesh,Argentina,3.7271,80.95,252
Bangladesh,Japan,2.0477,68.02,4100
Bangladesh,Malaysia,0.9469,54.7,1958
Bangladesh,China,0.3282,48.9,10937
Bangladesh,Chile,0.2809,66.67,78
Bangladesh,Indonesia,0.2679,54.98,1075
Bangladesh,Bangladesh,-0.0793,50.34,141534
Bangladesh,Denmark,-0.1232,41.67,348
Bangladesh,Norway,-0.1525,41.58,291
Bangladesh,Italy,-0.2731,54.16,1817
Bangladesh,Egypt,-0.303,41.21,813
Bangladesh,India,-0.4276,42.8,28133
Bangladesh,Australia,-0.4532,45.02,1746
Bangladesh,Portugal,-0.5103,32.67,404
Bangladesh,Canada,-0.5297,43.65,1645
Bangladesh,Thailand,-0.6463,45.24,1165
Bangladesh,Singapore,-0.6708,34.95,661
Bangladesh,Turkey,-0.8574,42.96,2139
Bangladesh,South Korea,-0.9687,46.42,1286
Bangladesh,France,-1.0126,39.65,2300
Bangladesh,Sweden,-1.0165,28.48,302
Bangladesh,Finland,-1.0521,53.13,64
Bangladesh,United Kingdom,-1.1625,31.94,7028
Bangladesh,South Africa,-1.1629,42.21,263
Bangladesh,Germany,-1.1862,33.84,1658
Bangladesh,Vietnam,-1.2813,39.01,487
Bangladesh,Brazil,-1.3138,37.92,414
Bangladesh,Belgium,-1.394,37.63,93
Bangladesh,Saudi Arabia,-1.424,36.99,7712
Bangladesh,Greece,-1.4416,30.32,277
Bangladesh,Netherlands,-1.5218,41.19,318
Bangladesh,Hungary,-1.6124,34.67,150
Bangladesh,New Zealand,-1.6666,34.32,169
Bangladesh,United States,-1.8645,27.51,23774
Bangladesh,Colombia,-1.9716,24.86,181
Bangladesh,Romania,-2.3337,28.0,50
Bangladesh,Spain,-2.3791,24.81,770
Bangladesh,Poland,-2.5001,25.69,144
Bangladesh,Czech Republic,-2.6293,0.0,7
Bangladesh,Philippines,-2.7551,26.16,279
Bangladesh,Russia,-2.8369,20.98,7631
Bangladesh,Pakistan,-3.2757,24.78,15552
Bangladesh,Ukraine,-3.3419,19.24,3388
Bangladesh,Qatar,-3.3672,14.75,4000
Bangladesh,Iran,-3.442,12.7,51734
Bangladesh,Israel,-4.0274,11.66,23628
Bangladesh,Iraq,-4.0398,9.37,2454
Bangladesh,Mexico,-4.7096,9.07,761
Bangladesh,Peru,-5.0273,5.88,119
Bangladesh,Nigeria,-5.2992,20.42,568
Belgium,Czech Republic,-0.0442,47.62,105
Belgium,Japan,-0.3788,40.6,1192
Belgium,Netherlands,-0.858,37.3,2960
Belgium,Belgium,-0.9106,37.23,29356
Belgium,Argentina,-0.9112,59.09,198
Belgium,Chile,-0.9403,63.16,38
Belgium,Bangladesh,-0.9416,27.78,18
Belgium,Vietnam,-1.0311,21.12,161
Belgium,Sweden,-1.1621,27.15,523
Belgium,Denmark,-1.1908,14.88,726
Belgium,Italy,-1.2129,39.86,2165
Belgium,Thailand,-1.3171,31.82,264
Belgium,Finland,-1.4957,7.95,176
Belgium,India,-1.6295,22.77,448
Belgium,China,-1.6372,19.58,2584
Belgium,Singapore,-1.6944,27.91,86
Belgium,Brazil,-1.7507,26.4,447
Belgium,France,-1.7715,27.92,10495
Belgium,Germany,-1.7781,23.98,3153
Belgium,Hungary,-1.8555,26.72,539
Belgium,Norway,-1.928,32.79,793
Belgium,Canada,-1.9449,23.43,1229
Belgium,Saudi Arabia,-2.0924,20.75,636
Belgium,Spain,-2.1074,23.92,1881
Belgium,United States,-2.194,16.18,13562
Belgium,Malaysia,-2.2786,22.58,62
Belgium,United Kingdom,-2.3596,20.59,2822
Belgium,Indonesia,-2.3892,8.4,119
Belgium,Turkey,-2.4531,21.01,871
Belgium,South Korea,-2.5385,18.73,694
Belgium,Romania,-2.6499,19.02,205
Belgium,South Africa,-2.6515,5.88,68
Belgium,Portugal,-2.6746,19.7,472
Belgium,Greece,-2.7012,15.81,645
Belgium,Peru,-2.7059,29.59,98
Belgium,Australia,-2.8452,21.55,724
Belgium,Colombia,-2.9946,10.26,195
Belgium,New Zealand,-3.0053,34.78,92
Belgium,Ukraine,-3.0944,9.19,5464
Belgium,Poland,-3.1086,21.57,343
Belgium,Qatar,-3.1128,5.79,380
Belgium,Egypt,-3.1831,10.03,369
Belgium,Iran,-3.2033,5.67,9732
Belgium,Russia,-3.2313,7.07,6647
Belgium,Israel,-3.5299,4.71,5270
Belgium,Mexico,-3.6379,10.68,1002
Belgium,Nigeria,-3.6926,17.83,129
Belgium,Iraq,-3.702,1.31,459
Belgium,Philippines,-4.1765,2.5,80
Belgium,Pakistan,-4.5074,7.49,854
Brazil,Hungary,1.0018,58.92,1054
Brazil,South Africa,0.8661,61.78,191
Brazil,Portugal,0.6846,61.34,10571
Brazil,Indonesia,0.6164,67.77,605
Brazil,Japan,0.5648,59.81,4531
Brazil,India,0.5587,60.89,4058
Brazil,Netherlands,0.5486,67.0,1503
Brazil,South Korea,0.4642,63.77,1184
Brazil,Greece,0.4176,56.23,1147
Brazil,Finland,0.3602,56.6,318
Brazil,Norway,0.3277,51.12,1205
Brazil,Brazil,0.1325,54.13,315034
Brazil,Singapore,0.1276,48.79,494
Brazil,Czech Republic,0.0184,44.29,280
Brazil,Belgium,-0.0468,51.94,799
Brazil,Spain,-0.1045,52.22,9493
Brazil,Romania,-0.1174,43.75,128
Brazil,China,-0.2193,48.98,4641
Brazil,Germany,-0.2322,44.51,6947
Brazil,Denmark,-0.2412,43.92,1045
Brazil,Turkey,-0.2457,42.56,3346
Brazil,Italy,-0.2603,48.61,8030
Brazil,Australia,-0.2633,44.2,2154
Brazil,United States,-0.2648,46.5,12999
Brazil,New Zealand,-0.2785,48.55,552
Brazil,France,-0.2946,46.79,10410
Brazil,Chile,-0.2967,46.5,572
Brazil,Argentina,-0.3185,46.56,7026
Brazil,Sweden,-0.3443,45.65,804
Brazil,Colombia,-0.3831,43.54,2609
Brazil,Vietnam,-0.5627,44.88,361
Brazil,Egypt,-0.6457,41.05,989
Brazil,Thailand,-0.6552,49.87,381
Brazil,Malaysia,-0.6676,47.62,168
Brazil,United Kingdom,-0.7492,39.11,11854
Brazil,Peru,-1.0167,33.95,486
Brazil,Poland,-1.029,35.5,676
Brazil,Canada,-1.2322,37.26,4087
Brazil,Bangladesh,-1.7567,13.33,15
Brazil,Saudi Arabia,-1.8249,25.84,801
Brazil,Russia,-2.2079,19.97,13830
Brazil,Qatar,-2.3009,13.85,657
Brazil,Mexico,-2.6287,23.72,9128
Brazil,Philippines,-2.7113,29.43,384
Brazil,Ukraine,-2.7144,10.18,9122
Brazil,Iran,-2.9902,7.26,45136
Brazil,Iraq,-3.093,6.22,1592
Brazil,Israel,-3.1825,10.47,5604
Brazil,Nigeria,-3.5015,29.23,325
Brazil,Pakistan,-5.8494,4.31,1299
Canada,Italy,0.3707,59.3,16070
Canada,Vietnam,0.2165,52.87,522
Canada,Finland,0.1478,51.78,1885
Canada,New Zealand,0.1305,57.0,507
Canada,Malaysia,0.1237,68.33,120
Canada,Singapore,0.0901,55.36,224
Canada,Denmark,0.0844,49.77,2136
Canada,Japan,-0.069,52.74,5660
Canada,Netherlands,-0.0789,53.17,1260
Canada,Brazil,-0.1408,51.5,1066
Canada,Czech Republic,-0.1481,47.31,2135
Canada,Canada,-0.2499,48.35,314187
Canada,Argentina,-0.4127,41.5,294
Canada,Norway,-0.4241,48.33,2460
Canada,Sweden,-0.4344,45.08,2591
Canada,South Korea,-0.5171,52.66,3304
Canada,Chile,-0.5361,50.35,427
Canada,Philippines,-0.6185,45.95,975
Canada,Romania,-0.6666,36.15,130
Canada,South Africa,-0.7112,38.25,502
Canada,Australia,-0.7489,46.54,5982
Canada,China,-0.8045,37.18,14483
Canada,Germany,-0.8609,39.84,5278
Canada,France,-0.8721,42.08,13457
Canada,United States,-0.9963,34.94,74781
Canada,India,-1.0158,33.06,6645
Canada,Thailand,-1.0303,39.96,458
Canada,Belgium,-1.0834,39.44,568
Canada,Peru,-1.0909,47.15,369
Canada,Bangladesh,-1.1155,25.8,314
Canada,Poland,-1.2209,40.3,598
Canada,Portugal,-1.2498,36.31,168
Canada,United Kingdom,-1.2886,30.5,10591
Canada,Greece,-1.4748,37.02,724
Canada,Indonesia,-1.8229,29.48,424
Canada,Mexico,-1.9292,18.5,13857
Canada,Spain,-2.0298,27.58,2462
Canada,Colombia,-2.0496,22.46,1189
Canada,Hungary,-2.2289,23.48,558
Canada,Turkey,-2.4068,16.79,1322
Canada,Egypt,-2.5401,18.56,905
Canada,Nigeria,-2.6114,24.11,589
Canada,Qatar,-2.8997,8.31,2154
Canada,Russia,-2.9875,10.51,12255
Canada,Iran,-3.07,4.73,42361
Canada,Ukraine,-3.1848,7.48,8791
Canada,Israel,-3.2806,6.45,21251
Canada,Saudi Arabia,-3.2911,7.27,2433
Canada,Iraq,-3.4097,5.27,2295
Canada,Pakistan,-4.9119,3.13,2910
Chile,Singapore,1.0251,61.54,130
Chile,Japan,0.7544,57.2,1645
Chile,India,0.6535,69.81,53
Chile,Indonesia,0.2687,52.17,115
Chile,Italy,0.0671,52.89,4364
Chile,Denmark,0.0117,54.72,583
Chile,Argentina,-0.0388,50.3,13284
Chile,Spain,-0.0829,51.97,6763
Chile,South Africa,-0.1181,54.07,799
Chile,Turkey,-0.128,48.84,903
Chile,Colombia,-0.1595,47.94,5069
Chile,Chile,-0.2625,48.54,39669
Chile,Greece,-0.2717,40.66,396
Chile,Brazil,-0.2921,48.46,6634
Chile,Romania,-0.3149,48.44,64
Chile,Czech Republic,-0.4437,46.3,108
Chile,New Zealand,-0.5007,44.39,196
Chile,Australia,-0.5906,28.7,216
Chile,South Korea,-0.6624,51.31,306
Chile,Portugal,-0.778,37.47,1073
Chile,France,-0.8296,38.34,2744
Chile,Finland,-0.871,44.0,100
Chile,United States,-0.9374,37.75,17241
Chile,Netherlands,-0.943,39.09,197
Chile,Malaysia,-0.9435,31.25,80
Chile,Poland,-0.991,41.6,238
Chile,Germany,-1.0137,37.48,2476
Chile,Mexico,-1.0294,40.1,7032
Chile,Peru,-1.235,40.93,4622
Chile,Belgium,-1.3194,31.19,561
Chile,Norway,-1.3257,34.54,553
Chile,United Kingdom,-1.3596,30.5,2793
Chile,Sweden,-1.3784,31.66,15500
Chile,Egypt,-1.5482,29.57,230
Chile,Canada,-1.6258,30.35,1440
Chile,China,-1.9061,20.44,3850
Chile,Vietnam,-1.9933,0.0,6
Chile,Thailand,-2.3811,27.27,88
Chile,Ukraine,-2.3958,12.52,2340
Chile,Hungary,-2.4604,24.72,631
Chile,Philippines,-2.5854,20.0,50
Chile,Qatar,-2.6635,15.38,52
Chile,Russia,-2.7895,12.96,5163
Chile,Israel,-3.1096,17.41,7687
Chile,Saudi Arabia,-3.1735,12.33,722
Chile,Iran,-3.9072,3.76,14140
Chile,Iraq,-4.0798,1.8,556
Chile,Nigeria,-5.6002,8.85,113
Chile,Pakistan,-6.3951,1.23,649
China,Chile,3.192,89.0,50215
China,Australia,2.5653,79.18,21455
China,China,2.5258,81.98,2007767
China,Argentina,2.4596,82.36,1502
China,Malaysia,2.3966,83.24,4267
China,Hungary,2.2655,67.45,3447
China,Greece,2.0704,75.37,3427
China,Italy,1.9963,77.96,26170
China,South Africa,1.9382,73.52,2749
China,Poland,1.8799,71.0,3672
China,New Zealand,1.7747,71.73,1825
China,Peru,1.7586,68.98,3308
China,Singapore,1.6514,71.55,7618
China,Brazil,1.573,70.62,4380
China,Germany,1.4427,71.14,51672
China,Vietnam,1.4353,71.02,28185
China,Thailand,1.3942,72.86,17276
China,Romania,1.2469,65.45,7303
China,Indonesia,1.2449,62.09,5589
China,Belgium,1.2174,57.18,1051
China,Czech Republic,1.1677,66.81,5598
China,Egypt,1.1229,61.63,5231
China,Portugal,0.9385,63.49,923
China,Netherlands,0.923,62.65,4281
China,Sweden,0.8804,58.24,1480
China,Bangladesh,0.8391,59.88,2764
China,Finland,0.5625,58.7,1867
China,France,0.4431,51.23,15550
China,Spain,0.4407,55.32,7184
China,Denmark,0.4017,48.12,1727
China,Nigeria,0.3565,49.45,4249
China,South Korea,0.3438,60.01,34882
China,Colombia,0.2047,57.51,1572
China,India,0.1523,52.45,18707
China,Canada,-0.0329,47.58,15423
China,Russia,-0.2189,47.19,48394
China,United Kingdom,-0.2576,45.65,26795
China,Norway,-0.3744,44.87,3120
China,Philippines,-0.5644,42.62,4320
China,Turkey,-0.6536,40.77,2865
China,Saudi Arabia,-1.1647,36.8,6889
China,United States,-1.3461,31.18,231079
China,Mexico,-1.3594,44.6,9045
China,Japan,-1.5002,29.68,53799
China,Ukraine,-1.978,21.37,13258
China,Pakistan,-2.301,32.57,10335
China,Iraq,-2.3074,17.19,15051
China,Qatar,-2.5612,17.48,4902
China,Iran,-3.2087,9.3,129507
China,Israel,-3.4644,7.69,39126
Colombia,Czech Republic,0.551,67.97,281
Colombia,India,0.5503,66.67,27
Colombia,Romania,0.534,65.79,152
Colombia,Japan,0.1197,55.21,2168
Colombia,Netherlands,0.0256,51.66,451
Colombia,Malaysia,0.0208,49.66,149
Colombia,Germany,-0.144,50.52,8101
Colombia,Italy,-0.26,52.3,3585
Colombia,Singapore,-0.2846,45.3,234
Colombia,Brazil,-0.2943,52.68,10215
Colombia,Finland,-0.3319,57.21,402
Colombia,Poland,-0.3411,49.35,695
Colombia,Norway,-0.3491,50.23,874
Colombia,Argentina,-0.3598,47.69,8416
Colombia,Portugal,-0.5377,42.99,3650
Colombia,South Africa,-0.6126,32.58,356
Colombia,Chile,-0.6315,46.84,933
Colombia,China,-0.6631,41.25,2361
Colombia,Indonesia,-0.6772,49.81,261
Colombia,United States,-0.7072,42.01,34121
Colombia,New Zealand,-0.7219,35.05,194
Colombia,Colombia,-0.7404,41.48,308513
Colombia,Belgium,-0.7862,49.57,694
Colombia,Greece,-0.8244,37.08,596
Colombia,Canada,-0.8743,42.13,4151
Colombia,Vietnam,-0.9187,42.86,28
Colombia,Denmark,-0.9797,34.88,602
Colombia,Egypt,-1.0019,36.58,719
Colombia,Spain,-1.0653,39.15,12062
Colombia,Australia,-1.1424,42.04,245
Colombia,Hungary,-1.1572,24.49,343
Colombia,Turkey,-1.2986,33.55,1225
Colombia,France,-1.4445,33.69,6927
Colombia,Mexico,-1.4665,32.68,18134
Colombia,Peru,-1.6456,30.14,4429
Colombia,Thailand,-1.6638,33.53,334
Colombia,United Kingdom,-1.6855,27.81,4315
Colombia,Sweden,-1.9139,25.4,24802
Colombia,Nigeria,-2.0788,16.67,42
Colombia,South Korea,-2.1699,48.41,409
Colombia,Saudi Arabia,-2.3481,18.08,1366
Colombia,Qatar,-2.6532,15.56,90
Colombia,Russia,-2.7587,14.85,8147
Colombia,Bangladesh,-2.846,10.91,55
Colombia,Philippines,-2.8908,30.05,193
Colombia,Ukraine,-3.131,6.94,4133
Colombia,Iraq,-3.4273,5.99,952
Colombia,Israel,-3.7874,7.31,3952
Colombia,Iran,-3.8672,3.63,29653
Colombia,Pakistan,-6.0844,4.19,1003
Czech Republic,Italy,0.0795,53.58,4808
Czech Republic,Malaysia,0.002,63.64,44
Czech Republic,Japan,-0.0412,51.54,1042
Czech Republic,Denmark,-0.1016,42.77,823
Czech Republic,Chile,-0.1488,53.33,30
Czech Republic,Netherlands,-0.1509,49.17,720
Czech Republic,Brazil,-0.509,39.75,239
Czech Republic,Romania,-0.6937,37.19,199
Czech Republic,Greece,-0.8571,33.09,278
Czech Republic,Czech Republic,-0.9064,39.01,60169
Czech Republic,Norway,-0.9274,31.26,595
Czech Republic,Peru,-0.9405,51.46,103
Czech Republic,Finland,-0.9876,30.46,614
Czech Republic,Singapore,-1.0401,33.33,114
Czech Republic,Canada,-1.0481,38.19,2202
Czech Republic,Australia,-1.0977,37.5,624
Czech Republic,Sweden,-1.1576,26.88,878
Czech Republic,Vietnam,-1.3448,34.7,219
Czech Republic,India,-1.523,28.16,206
Czech Republic,Egypt,-1.5587,24.41,635
Czech Republic,Turkey,-1.6271,19.89,2971
Czech Republic,Belgium,-1.7232,25.65,573
Czech Republic,France,-1.7603,32.88,3704
Czech Republic,United Kingdom,-1.8699,25.71,4528
Czech Republic,Spain,-1.8973,33.27,1503
Czech Republic,Philippines,-1.9029,40.26,77
Czech Republic,Thailand,-1.998,26.9,342
Czech Republic,South Korea,-2.0089,23.49,826
Czech Republic,Germany,-2.0734,24.9,5959
Czech Republic,New Zealand,-2.1043,32.1,81
Czech Republic,Poland,-2.1112,25.74,3205
Czech Republic,China,-2.2051,28.21,5335
Czech Republic,United States,-2.2823,19.89,11668
Czech Republic,Portugal,-2.31,27.35,351
Czech Republic,Indonesia,-2.3933,35.82,134
Czech Republic,Colombia,-2.6942,28.32,173
Czech Republic,Qatar,-2.995,13.37,860
Czech Republic,Saudi Arabia,-3.0076,14.25,709
Czech Republic,Israel,-3.2623,11.09,6454
Czech Republic,South Africa,-3.3541,30.77,52
Czech Republic,Ukraine,-3.4105,8.75,20033
Czech Republic,Iraq,-3.4542,3.8,605
Czech Republic,Hungary,-3.5716,8.6,3047
Czech Republic,Russia,-3.5801,7.9,22420
Czech Republic,Mexico,-3.6825,9.09,759
Czech Republic,Iran,-3.7208,3.44,8772
Czech Republic,Argentina,-3.9933,33.33,120
Czech Republic,Bangladesh,-4.5789,0.0,4
Czech Republic,Nigeria,-5.4652,6.67,60
Czech Republic,Pakistan,-7.0961,3.07,423
Denmark,Bangladesh,2.4652,73.75,160
Denmark,Japan,0.8279,44.38,809
Denmark,Vietnam,0.3121,46.51,86
Denmark,Thailand,-0.0584,58.62,58
Denmark,Belgium,-0.1527,46.69,302
Denmark,India,-0.2135,32.42,327
Denmark,Malaysia,-0.2545,50.0,8
Denmark,New Zealand,-0.2652,25.0,8
Denmark,South Africa,-0.774,22.22,18
Denmark,Netherlands,-0.791,55.6,232
Denmark,Argentina,-1.1107,26.32,38
Denmark,Norway,-1.324,31.0,5781
Denmark,Australia,-1.3826,35.05,525
Denmark,Czech Republic,-1.4028,42.99,107
Denmark,Denmark,-1.6043,28.95,38461
Denmark,Germany,-1.6872,32.11,2046
Denmark,Poland,-1.7096,29.2,113
Denmark,China,-1.7456,30.46,1842
Denmark,United States,-1.7719,26.82,2782
Denmark,Finland,-1.7848,14.63,123
Denmark,Saudi Arabia,-2.0761,14.56,206
Denmark,Hungary,-2.1072,9.95,422
Denmark,Greece,-2.1267,26.47,102
Denmark,Italy,-2.1702,33.37,830
Denmark,Portugal,-2.3266,23.85,130
Denmark,France,-2.418,27.02,2776
Denmark,United Kingdom,-2.5115,16.98,2980
Denmark,Brazil,-2.7812,12.95,278
Denmark,Qatar,-2.907,1.99,302
Denmark,Ukraine,-3.0561,15.34,5781
Denmark,Canada,-3.1926,26.24,484
Denmark,Egypt,-3.2231,0.0,56
Denmark,Sweden,-3.3671,24.88,3026
Denmark,Peru,-3.3755,3.23,62
Denmark,Iran,-3.3885,5.27,8648
Denmark,Colombia,-3.4097,3.13,64
Denmark,Iraq,-3.5084,1.19,337
Denmark,Indonesia,-3.5369,20.0,60
Denmark,Spain,-3.6237,9.26,1426
Denmark,Romania,-3.6662,4.35,46
Denmark,Russia,-3.7383,11.23,6395
Denmark,Turkey,-3.9012,11.59,440
Denmark,Israel,-4.343,4.5,3732
Denmark,Chile,-4.5851,7.14,28
Denmark,Mexico,-4.9413,5.89,509
Denmark,Philippines,-5.5112,3.39,59
Denmark,South Korea,-6.8429,6.65,316
Denmark,Pakistan,-6.9578,0.0,436
Denmark,Nigeria,-7.5098,0.0,118
Egypt,Japan,2.664,72.87,2134
Egypt,Sweden,2.6167,68.85,748
Egypt,Czech Republic,2.2729,77.49,271
Egypt,Thailand,2.0554,65.93,182
Egypt,Romania,2.0202,68.15,292
Egypt,Greece,2.0134,73.43,2006
Egypt,Egypt,1.3613,64.05,301238
Egypt,South Africa,0.8726,63.88,479
Egypt,Turkey,0.7732,58.85,9659
Egypt,Italy,0.743,62.74,4125
Egypt,Singapore,0.7224,69.31,202
Egypt,Portugal,0.5181,57.42,1139
Egypt,Nigeria,0.5031,62.4,609
Egypt,Malaysia,0.4972,63.81,210
Egypt,Netherlands,0.4038,56.5,738
Egypt,India,0.346,56.55,2773
Egypt,Bangladesh,0.2904,55.68,176
Egypt,Chile,0.2818,43.66,71
Egypt,Denmark,0.2487,51.42,1126
Egypt,Saudi Arabia,0.2424,47.98,22785
Egypt,Germany,0.0969,53.5,3729
Egypt,Indonesia,0.0764,59.49,627
Egypt,Belgium,0.0317,56.19,646
Egypt,China,-0.0309,47.67,6256
Egypt,Spain,-0.0801,50.73,11613
Egypt,France,-0.1587,52.21,5838
Egypt,New Zealand,-0.1899,50.63,158
Egypt,Brazil,-0.2479,53.21,1120
Egypt,Canada,-0.3958,42.12,1218
Egypt,Finland,-0.7099,41.63,209
Egypt,South Korea,-0.7674,37.29,909
Egypt,Norway,-0.9209,37.09,488
Egypt,Argentina,-1.0216,40.32,444
Egypt,Qatar,-1.1262,35.17,4675
Egypt,Hungary,-1.3443,31.45,585
Egypt,Philippines,-1.3728,40.15,137
Egypt,United Kingdom,-1.4839,32.89,6148
Egypt,Vietnam,-1.5035,48.55,138
Egypt,Poland,-1.5054,33.2,253
Egypt,Peru,-1.9827,51.81,83
Egypt,Australia,-2.207,36.58,771
Egypt,United States,-2.331,20.01,23907
Egypt,Iraq,-2.7572,22.54,4405
Egypt,Russia,-3.0317,19.24,10991
Egypt,Iran,-3.2608,11.05,57343
Egypt,Israel,-3.2622,16.72,60965
Egypt,Ukraine,-3.7146,12.03,6393
Egypt,Colombia,-4.3377,26.14,176
Egypt,Mexico,-4.5937,13.77,944
Egypt,Pakistan,-6.0636,8.95,1799
Finland,Peru,0.7835,62.86,70
Finland,Japan,0.6108,45.02,1475
Finland,Malaysia,0.2947,56.6,53
Finland,Argentina,0.2221,55.93,118
Finland,Italy,-0.0538,53.66,3004
Finland,Colombia,-0.0883,55.71,70
Finland,Czech Republic,-0.3517,41.76,1020
Finland,Canada,-0.4499,45.9,4871
Finland,Denmark,-0.5829,43.39,1906
Finland,Belgium,-0.7641,35.94,640
Finland,Sweden,-0.7707,43.25,10665
Finland,Netherlands,-0.8088,46.04,606
Finland,Norway,-0.8795,41.77,5336
Finland,Chile,-0.8824,42.86,14
Finland,Finland,-0.8967,39.02,99767
Finland,China,-0.9443,31.28,5221
Finland,India,-1.0576,33.27,1049
Finland,Brazil,-1.1492,35.49,293
Finland,South Africa,-1.2374,13.56,59
Finland,Germany,-1.2383,35.93,4186
Finland,Romania,-1.4439,33.8,71
Finland,Singapore,-1.4936,27.08,96
Finland,France,-1.5395,31.95,4576
Finland,United States,-1.7794,26.31,25166
Finland,Bangladesh,-1.793,14.89,94
Finland,Australia,-1.9088,31.13,681
Finland,Portugal,-1.9425,19.3,373
Finland,New Zealand,-1.9846,20.83,96
Finland,Spain,-1.9964,28.64,1805
Finland,Indonesia,-2.1393,32.98,94
Finland,United Kingdom,-2.1982,21.93,3739
Finland,Greece,-2.2113,24.42,430
Finland,Poland,-2.2647,25.27,1132
Finland,Hungary,-2.2791,18.14,1257
Finland,Vietnam,-2.2943,7.81,128
Finland,Egypt,-2.3684,29.48,173
Finland,South Korea,-2.4698,31.18,574
Finland,Russia,-2.5458,12.98,3437
Finland,Ukraine,-2.5814,14.94,13007
Finland,Saudi Arabia,-2.6727,20.74,569
Finland,Qatar,-3.2876,8.05,671
Finland,Thailand,-3.3336,32.48,505
Finland,Philippines,-3.3885,41.38,58
Finland,Iraq,-3.5268,3.15,826
Finland,Israel,-3.8723,9.59,9167
Finland,Iran,-3.9776,7.09,17888
Finland,Turkey,-4.1596,17.92,480
Finland,Mexico,-4.5852,6.62,634
Finland,Nigeria,-5.4812,4.76,42
Finland,Pakistan,-6.1091,3.22,373
France,Japan,-0.1428,50.43,11038
France,Thailand,-0.264,50.29,2265
France,Denmark,-0.3931,41.74,6359
France,Greece,-0.508,42.39,10725
France,Brazil,-0.5343,43.12,4770
France,Singapore,-0.5525,36.31,942
France,Italy,-0.6118,43.35,33121
France,India,-0.6729,40.97,8501
France,Norway,-0.7182,39.51,7651
France,Romania,-0.7863,36.71,3737
France,Czech Republic,-0.7999,35.1,2037
France,Vietnam,-0.8532,42.3,1324
France,New Zealand,-0.9256,35.91,855
France,Netherlands,-1.0534,34.59,6163
France,China,-1.0696,31.93,32927
France,Finland,-1.1197,33.77,3266
France,Bangladesh,-1.2829,22.93,484
France,Germany,-1.3101,28.63,40701
France,France,-1.374,32.21,374888
France,Poland,-1.4131,29.83,9730
France,Chile,-1.4214,37.26,1001
France,Sweden,-1.4875,25.44,9705
France,Canada,-1.6387,30.23,10632
France,United Kingdom,-1.7102,24.98,30398
France,Belgium,-1.757,25.35,14529
France,South Korea,-1.8169,29.31,6779
France,Portugal,-1.8757,25.24,8016
France,Turkey,-1.9248,27.29,9667
France,Saudi Arabia,-1.9345,21.83,7411
France,Spain,-1.9365,26.4,28640
France,Argentina,-1.9968,28.62,3229
France,United States,-2.0344,18.9,107502
France,Indonesia,-2.0594,22.34,1280
France,Australia,-2.0739,27.96,6337
France,Hungary,-2.1924,15.73,15788
France,Egypt,-2.2029,16.13,3714
France,Qatar,-2.4867,13.66,6647
France,South Africa,-2.4968,21.12,1316
France,Peru,-2.7255,21.85,1103
France,Colombia,-2.7315,14.15,2148
France,Ukraine,-2.7991,9.97,73445
France,Russia,-2.8662,9.92,82412
France,Iran,-3.0678,5.12,114053
France,Malaysia,-3.131,18.52,891
France,Iraq,-3.1588,4.72,6755
France,Israel,-3.3128,5.56,64718
France,Pakistan,-3.3476,14.62,13208
France,Mexico,-3.4823,11.71,8410
France,Philippines,-3.5526,20.21,876
France,Nigeria,-4.3425,14.8,2547
Germany,Japan,-0.068,44.23,14394
Germany,South Africa,-0.2081,43.48,1939
Germany,Malaysia,-0.3051,48.35,455
Germany,Sweden,-0.4017,43.16,24963
Germany,Vietnam,-0.7256,49.89,1321
Germany,Finland,-0.7259,49.28,11040
Germany,Argentina,-0.8108,36.79,4915
Germany,Philippines,-1.0196,39.83,9144
Germany,Denmark,-1.0446,32.65,19368
Germany,Netherlands,-1.0787,34.83,17905
Germany,Belgium,-1.0971,27.1,20603
Germany,Norway,-1.1934,28.65,34092
Germany,Portugal,-1.2302,35.7,6404
Germany,Indonesia,-1.2633,30.48,4721
Germany,Bangladesh,-1.2779,27.16,2423
Germany,Chile,-1.2948,24.26,1344
Germany,Czech Republic,-1.307,29.28,12572
Germany,Colombia,-1.3126,30.15,2813
Germany,China,-1.3199,24.87,63132
Germany,India,-1.3697,29.37,15835
Germany,Italy,-1.4252,36.85,77615
Germany,Germany,-1.4258,29.57,1241577
Germany,Brazil,-1.4403,34.29,8925
Germany,Australia,-1.4781,28.96,19537
Germany,Peru,-1.6782,32.05,649
Germany,Romania,-1.7347,36.06,8359
Germany,France,-1.7625,27.57,78221
Germany,United Kingdom,-1.8471,22.74,66473
Germany,Spain,-1.8796,27.41,43165
Germany,United States,-1.9349,22.86,81157
Germany,Poland,-1.9485,21.32,27594
Germany,Greece,-1.9975,35.14,18479
Germany,Singapore,-2.2055,28.47,3147
Germany,Egypt,-2.2275,21.46,7526
Germany,Canada,-2.3132,24.43,26509
Germany,Saudi Arabia,-2.4741,18.26,26698
Germany,Thailand,-2.4921,17.42,2601
Germany,New Zealand,-2.592,13.97,10680
Germany,Turkey,-2.7822,20.83,43831
Germany,South Korea,-3.2257,21.96,9774
Germany,Qatar,-3.2922,7.67,14583
Germany,Hungary,-3.5317,8.63,34986
Germany,Russia,-3.6098,4.39,407072
Germany,Ukraine,-3.6111,4.54,343961
Germany,Israel,-3.6572,5.26,89330
Germany,Mexico,-3.7744,11.44,24629
Germany,Iran,-3.7933,2.68,252000
Germany,Iraq,-3.8689,2.52,21284
Germany,Nigeria,-4.1251,15.0,2494
Germany,Pakistan,-6.4279,2.4,6866
Greece,India,-0.1737,53.86,5928
Greece,Denmark,-0.547,38.95,2303
Greece,Japan,-0.6377,39.65,4129
Greece,Greece,-0.871,39.57,241232
Greece,Czech Republic,-0.9226,35.79,964
Greece,Netherlands,-0.9356,36.67,2359
Greece,South Korea,-0.9693,43.38,2333
Greece,Italy,-0.9736,40.58,14533
Greece,Finland,-1.0225,33.49,854
Greece,Romania,-1.0697,37.73,2690
Greece,Norway,-1.1165,31.55,2697
Greece,Indonesia,-1.1201,39.88,657
Greece,South Africa,-1.1626,33.15,359
Greece,Sweden,-1.1706,32.06,2277
Greece,Argentina,-1.1868,44.07,962
Greece,Egypt,-1.2123,34.07,4335
Greece,Poland,-1.2447,33.11,3090
Greece,Singapore,-1.2834,28.89,360
Greece,Turkey,-1.3049,29.8,25472
Greece,China,-1.3437,25.66,20138
Greece,Belgium,-1.3473,25.41,4061
Greece,Malaysia,-1.4772,40.79,277
Greece,France,-1.6129,29.45,24595
Greece,United Kingdom,-1.7549,24.29,24525
Greece,Portugal,-1.786,28.8,2528
Greece,Brazil,-1.7986,29.09,1860
Greece,Spain,-1.8043,28.27,9654
Greece,Germany,-1.8071,20.6,20903
Greece,Bangladesh,-1.8241,37.63,388
Greece,United States,-1.8913,22.14,100986
Greece,Vietnam,-1.9453,25.88,514
Greece,Canada,-1.9489,28.12,4958
Greece,Saudi Arabia,-2.0843,19.03,5082
Greece,Australia,-2.3731,27.35,3598
Greece,Hungary,-2.4266,23.52,4209
Greece,New Zealand,-2.5561,26.99,289
Greece,Colombia,-2.8158,16.32,674
Greece,Russia,-2.8338,13.7,41256
Greece,Ukraine,-2.8516,14.39,33533
Greece,Iran,-2.9081,8.78,88484
Greece,Qatar,-2.9622,8.19,3933
Greece,Israel,-3.1252,8.7,38618
Greece,Iraq,-3.2828,6.12,4739
Greece,Thailand,-3.4213,27.83,672
Greece,Philippines,-3.5506,17.17,198
Greece,Chile,-3.6293,17.95,479
Greece,Mexico,-3.908,10.31,4375
Greece,Peru,-4.6197,9.3,344
Greece,Pakistan,-5.5956,4.42,3481
Greece,Nigeria,-5.738,12.82,655
Hungary,Denmark,0.0855,52.44,923
Hungary,Egypt,0.0842,36.8,269
Hungary,China,-0.0609,44.55,2727
Hungary,Japan,-0.2365,45.84,517
Hungary,Czech Republic,-0.2463,43.63,644
Hungary,United States,-0.2785,44.49,24146
Hungary,Australia,-0.2904,43.23,266
Hungary,Hungary,-0.353,44.48,28179
Hungary,Colombia,-0.3952,56.14,57
Hungary,Sweden,-0.5411,39.95,393
Hungary,Finland,-0.5899,37.97,158
Hungary,United Kingdom,-0.6232,36.38,2048
Hungary,Greece,-0.7206,45.79,273
Hungary,India,-0.7467,38.96,996
Hungary,Belgium,-0.7618,38.55,2135
Hungary,Italy,-0.7682,47.93,1450
Hungary,Poland,-0.903,34.19,1281
Hungary,Norway,-0.9214,22.75,255
Hungary,Netherlands,-0.9385,33.18,437
Hungary,Brazil,-1.0603,31.86,226
Hungary,Mexico,-1.1004,17.8,236
Hungary,Canada,-1.128,40.14,441
Hungary,Peru,-1.177,0.0,7
Hungary,Germany,-1.2182,31.33,3865
Hungary,Argentina,-1.2324,48.28,87
Hungary,Thailand,-1.2353,40.4,99
Hungary,Indonesia,-1.2505,25.93,54
Hungary,South Africa,-1.2712,14.29,14
Hungary,Chile,-1.3129,57.14,21
Hungary,Singapore,-1.4058,23.68,76
Hungary,Ukraine,-1.4585,27.32,22046
Hungary,France,-1.497,32.11,978
Hungary,Vietnam,-1.5697,22.5,80
Hungary,Romania,-1.6483,28.65,1543
Hungary,Turkey,-1.6601,26.98,593
Hungary,Spain,-1.7139,33.94,657
Hungary,South Korea,-1.8811,35.71,70
Hungary,Russia,-1.9233,20.31,12170
Hungary,Portugal,-2.0002,46.94,147
Hungary,Saudi Arabia,-2.1818,8.44,308
Hungary,Philippines,-2.3638,22.54,71
Hungary,Israel,-2.5355,14.64,2200
Hungary,Malaysia,-2.6942,15.38,26
Hungary,New Zealand,-2.729,15.0,40
Hungary,Iran,-2.8493,11.37,6972
Hungary,Qatar,-3.1477,2.82,568
Hungary,Iraq,-3.206,7.66,209
Hungary,Bangladesh,-3.8596,5.0,80
Hungary,Pakistan,-4.2514,17.39,115
Hungary,Nigeria,-9.3521,13.33,15
India,Malaysia,2.1602,79.63,8369
India,Singapore,0.919,63.98,5122
India,Finland,0.6743,61.77,1805
India,Brazil,0.607,64.01,5232
India,France,0.439,57.0,18904
India,Denmark,0.3432,50.54,2129
India,Netherlands,0.2199,54.2,2834
India,Vietnam,0.133,54.43,1909
India,Japan,0.1034,50.11,17563
India,Greece,-0.0419,52.14,2317
India,New Zealand,-0.1221,44.53,3768
India,Indonesia,-0.1483,48.65,3435
India,Spain,-0.3202,47.09,4387
India,Thailand,-0.3695,49.51,4526
India,South Africa,-0.3819,42.38,4302
India,Belgium,-0.3884,46.88,770
India,Italy,-0.3884,44.93,8134
India,Norway,-0.5201,35.55,1733
India,India,-0.5325,45.63,1105213
India,Chile,-0.5704,48.22,506
India,Czech Republic,-0.6022,44.14,3215
India,Romania,-0.6404,45.71,210
India,Germany,-0.7525,37.87,9152
India,Argentina,-0.8245,39.57,1117
India,Australia,-0.8291,40.68,12039
India,South Korea,-0.871,38.36,7029
India,Poland,-0.8793,38.83,1481
India,Philippines,-0.9423,43.91,977
India,Portugal,-0.9995,35.23,1232
India,Sweden,-1.0174,39.39,1150
India,Bangladesh,-1.043,33.85,48858
India,China,-1.0964,33.36,55840
India,United Kingdom,-1.268,35.23,31564
India,Canada,-1.3221,38.57,20356
India,Hungary,-1.3331,35.65,1108
India,Turkey,-1.7437,31.63,4100
India,Peru,-1.8155,25.46,648
India,Colombia,-1.9339,21.61,731
India,Egypt,-1.9357,23.88,2735
India,United States,-2.1626,24.82,112941
India,Saudi Arabia,-2.3816,22.61,21621
India,Russia,-2.7036,16.42,44153
India,Israel,-3.1286,18.3,80779
India,Qatar,-3.1941,11.7,10579
India,Ukraine,-3.3978,8.54,13459
India,Pakistan,-3.739,15.07,83760
India,Iran,-4.0149,4.59,169318
India,Iraq,-4.0473,4.87,6345
India,Mexico,-4.1623,6.38,8972
India,Nigeria,-5.8515,11.44,1608
Indonesia,China,2.1076,66.35,9449
Indonesia,Czech Republic,0.3515,59.9,197
Indonesia,Japan,0.3026,55.32,13788
Indonesia,South Africa,0.2696,52.34,384
Indonesia,Egypt,0.2071,53.25,2280
Indonesia,Netherlands,0.0912,53.53,2935
Indonesia,Italy,0.0536,47.85,18307
Indonesia,Saudi Arabia,-0.0305,54.46,1267
Indonesia,Poland,-0.1252,55.92,524
Indonesia,Indonesia,-0.1606,49.41,793695
Indonesia,Turkey,-0.1819,54.01,2096
Indonesia,Norway,-0.2547,49.22,902
Indonesia,South Korea,-0.3309,49.62,4357
Indonesia,Thailand,-0.6321,47.33,131
Indonesia,Denmark,-0.6809,47.59,540
Indonesia,India,-0.716,40.88,7874
Indonesia,Sweden,-0.7457,52.47,324
Indonesia,Spain,-0.7501,49.09,5113
Indonesia,Germany,-0.8446,42.37,3599
Indonesia,Philippines,-0.8501,44.83,1800
Indonesia,Finland,-0.9115,37.7,244
Indonesia,Belgium,-0.941,42.05,459
Indonesia,Singapore,-0.9793,43.36,4998
Indonesia,Portugal,-1.017,38.24,68
Indonesia,United Kingdom,-1.0532,38.68,1029
Indonesia,Australia,-1.0821,48.19,359
Indonesia,Hungary,-1.0835,46.6,309
Indonesia,Canada,-1.0953,38.08,1972
Indonesia,France,-1.1153,39.75,2888
Indonesia,Brazil,-1.1826,39.05,2814
Indonesia,Argentina,-1.285,28.57,14
Indonesia,Romania,-1.3119,44.83,145
Indonesia,United States,-1.3461,39.22,38261
Indonesia,Malaysia,-1.3499,26.76,284
Indonesia,Vietnam,-1.4685,26.8,97
Indonesia,New Zealand,-1.6524,25.55,454
Indonesia,Greece,-1.906,34.65,531
Indonesia,Colombia,-2.1409,28.21,234
Indonesia,Nigeria,-2.8704,34.1,261
Indonesia,Bangladesh,-2.9406,24.76,105
Indonesia,Iraq,-3.7521,19.88,2359
Indonesia,Israel,-3.8101,17.07,33939
Indonesia,Chile,-4.1451,0.0,10
Indonesia,Russia,-4.1983,12.27,7132
Indonesia,Qatar,-4.5425,5.1,157
Indonesia,Iran,-4.7876,4.76,7160
Indonesia,Ukraine,-5.2881,5.53,3745
Indonesia,Mexico,-5.7324,8.11,3626
Indonesia,Pakistan,-5.898,3.61,249
Indonesia,Peru,-6.2831,0.0,24
Iran,South Korea,6.9307,100.0,2
Iran,France,1.0058,100.0,6
Iran,Russia,-0.0697,66.67,3
Iran,India,-0.9939,42.72,405
Iran,China,-1.2097,0.0,8
Iran,Mexico,-1.3455,60.0,20
Iran,Pakistan,-1.4557,66.67,3
Iran,Iran,-2.2308,21.89,169
Iran,Saudi Arabia,-2.5674,30.43,23
Iran,Qatar,-2.7687,33.33,3
Iran,Israel,-3.5515,15.38,65
Iran,Italy,-3.7594,0.0,1
Iran,United States,-3.8761,0.0,11
Iran,Canada,-4.4444,0.0,3
Iran,Thailand,-4.8657,0.0,10
Iran,Brazil,-5.2632,0.0,6
Iran,Spain,-5.8341,0.0,6
Iraq,Indonesia,5.2183,77.78,45
Iraq,Thailand,3.2785,100.0,6
Iraq,Malaysia,2.2372,83.33,12
Iraq,Czech Republic,1.4135,88.89,9
Iraq,Vietnam,1.4039,42.86,14
Iraq,Japan,0.8092,67.39,92
Iraq,Singapore,0.3237,54.55,22
Iraq,Sweden,0.1946,52.83,53
Iraq,Argentina,0.12,40.91,44
Iraq,China,0.0981,58.35,569
Iraq,New Zealand,0.0616,57.14,14
Iraq,Egypt,-0.0137,51.6,717
Iraq,Finland,-0.0314,80.0,20
Iraq,India,-0.0762,37.5,112
Iraq,Netherlands,-0.1567,41.94,62
Iraq,Saudi Arabia,-0.1966,48.65,888
Iraq,Norway,-0.4841,51.9,79
Iraq,Italy,-0.4923,50.42,238
Iraq,Spain,-0.6996,36.53,323
Iraq,Brazil,-0.9732,36.36,66
Iraq,Belgium,-1.0322,31.34,67
Iraq,Denmark,-1.1139,9.09,44
Iraq,Romania,-1.1291,50.0,4
Iraq,Iraq,-1.3035,32.68,16467
Iraq,Turkey,-1.4176,30.58,582
Iraq,Germany,-1.4266,21.52,460
Iraq,Portugal,-1.7794,8.51,47
Iraq,Hungary,-1.8428,9.09,11
Iraq,United Kingdom,-2.0059,26.15,589
Iraq,Peru,-2.3112,18.18,11
Iraq,Colombia,-2.4748,6.06,33
Iraq,Greece,-2.5441,14.04,57
Iraq,Russia,-2.7045,13.96,480
Iraq,Canada,-2.7321,31.09,193
Iraq,France,-2.8048,20.3,1079
Iraq,Qatar,-2.8567,18.41,364
Iraq,United States,-2.8847,14.29,3171
Iraq,Mexico,-2.9295,14.44,180
Iraq,South Africa,-3.2503,25.0,16
Iraq,Iran,-3.4808,7.83,7015
Iraq,Australia,-3.7176,3.14,159
Iraq,Israel,-3.7518,6.66,2476
Iraq,Ukraine,-4.3556,5.88,136
Iraq,South Korea,-4.4125,19.05,84
Iraq,Bangladesh,-4.473,0.0,4
Iraq,Nigeria,-4.6301,0.0,22
Iraq,Poland,-5.1512,0.0,18
Iraq,Pakistan,-6.1462,6.14,228
Iraq,Philippines,-6.7051,0.0,6
Iraq,Chile,-8.9267,0.0,4
Israel,Singapore,0.6845,49.33,371
Israel,Denmark,0.6653,59.49,948
Israel,Italy,0.3581,57.11,8691
Israel,Vietnam,0.3208,52.29,459
Israel,Norway,-0.0357,42.38,1595
Israel,Indonesia,-0.0517,50.42,1081
Israel,Finland,-0.0793,57.61,611
Israel,Belgium,-0.0866,48.81,1891
Israel,Romania,-0.0953,53.8,894
Israel,Czech Republic,-0.1239,50.23,665
Israel,Japan,-0.1403,48.45,2638
Israel,Spain,-0.2745,52.34,13868
Israel,India,-0.3644,45.52,6579
Israel,Netherlands,-0.6499,41.85,1945
Israel,Brazil,-0.7706,42.24,3016
Israel,Hungary,-0.8022,50.0,1122
Israel,Portugal,-1.1147,42.16,1722
Israel,Philippines,-1.2493,48.01,604
Israel,Greece,-1.2527,39.49,3702
Israel,Thailand,-1.3002,39.92,2064
Israel,Germany,-1.342,38.45,9360
Israel,Colombia,-1.3625,42.2,500
Israel,China,-1.4715,27.44,8423
Israel,Sweden,-1.4775,36.94,1164
Israel,Egypt,-1.5265,22.5,5724
Israel,Argentina,-1.6699,27.5,2011
Israel,Israel,-1.7156,30.7,267059
Israel,France,-1.7998,32.78,8447
Israel,Turkey,-1.833,25.15,7894
Israel,Malaysia,-1.8349,42.86,49
Israel,Poland,-1.8937,29.84,1890
Israel,Peru,-1.9226,25.0,524
Israel,United States,-2.1023,22.04,49374
Israel,South Africa,-2.2356,32.02,659
Israel,Saudi Arabia,-2.4289,17.2,8450
Israel,Canada,-2.4588,25.99,4274
Israel,United Kingdom,-2.5014,20.36,14276
Israel,South Korea,-2.5039,22.76,861
Israel,Qatar,-2.7143,16.98,6072
Israel,Chile,-2.9458,28.42,285
Israel,Bangladesh,-3.0063,11.2,125
Israel,Iran,-3.1155,9.87,135636
Israel,Iraq,-3.3292,6.54,6556
Israel,New Zealand,-3.3518,16.14,316
Israel,Mexico,-3.3803,10.91,2329
Israel,Russia,-3.4371,12.47,13081
Israel,Ukraine,-3.4839,13.62,7511
Israel,Australia,-3.771,13.11,8213
Israel,Pakistan,-4.9923,7.9,2064
Israel,Nigeria,-5.0589,11.13,737
Italy,Singapore,1.9625,73.81,924
Italy,Norway,1.0397,77.02,8082
Italy,Netherlands,0.8181,60.45,2789
Italy,Czech Republic,0.6444,61.27,1588
Italy,Japan,0.544,55.78,12000
Italy,South Africa,0.523,61.26,1479
Italy,Italy,0.4482,57.44,540097
Italy,Brazil,0.1964,57.7,4965
Italy,Argentina,0.1806,56.65,3442
Italy,Malaysia,0.1639,52.0,500
Italy,Finland,0.1143,53.26,2242
Italy,Sweden,0.0492,61.76,4234
Italy,Belgium,0.0103,49.85,6987
Italy,Denmark,-0.1551,43.4,3002
Italy,Canada,-0.2346,54.84,9363
Italy,China,-0.2365,43.59,37330
Italy,Greece,-0.2526,46.37,6776
Italy,India,-0.3186,43.97,2622
Italy,Poland,-0.3278,45.9,3889
Italy,Indonesia,-0.3611,54.23,1337
Italy,Germany,-0.3783,41.97,28603
Italy,Portugal,-0.4418,41.58,3403
Italy,France,-0.4556,44.22,42991
Italy,Australia,-0.457,44.2,4602
Italy,Chile,-0.4872,47.7,1002
Italy,Vietnam,-0.5031,50.0,144
Italy,Turkey,-0.6161,40.57,7038
Italy,Egypt,-0.7305,39.33,4755
Italy,Spain,-0.7833,36.85,18373
Italy,United States,-0.8534,38.6,20869
Italy,South Korea,-0.9422,44.56,1470
Italy,New Zealand,-1.0612,31.71,719
Italy,United Kingdom,-1.1349,29.72,19953
Italy,Thailand,-1.3399,42.34,2246
Italy,Philippines,-1.3637,36.9,1008
Italy,Colombia,-1.4472,32.87,2443
Italy,Peru,-1.4726,23.33,1749
Italy,Romania,-1.6846,32.79,2992
Italy,Hungary,-1.8609,26.93,3743
Italy,Saudi Arabia,-1.8885,20.77,4155
Italy,Ukraine,-1.9486,19.68,48651
Italy,Bangladesh,-1.9681,11.78,1214
Italy,Mexico,-2.0321,20.12,8175
Italy,Qatar,-2.0897,16.33,5627
Italy,Russia,-2.2632,17.56,40281
Italy,Israel,-2.6317,9.44,47890
Italy,Iran,-2.6604,7.62,103727
Italy,Iraq,-2.7184,8.14,6103
Italy,Nigeria,-4.3058,12.94,912
Italy,Pakistan,-4.8922,5.72,2098
Japan,Portugal,1.3032,89.26,149
Japan,Italy,0.803,64.32,3618
Japan,Romania,0.3806,26.32,38
Japan,Belgium,0.3778,50.32,157
Japan,Greece,0.3708,56.06,132
Japan,France,0.1569,54.21,2258
Japan,Brazil,0.0981,52.32,302
Japan,Indonesia,0.0806,61.59,966
Japan,Netherlands,0.0581,51.34,374
Japan,Argentina,-0.0914,48.15,81
Japan,New Zealand,-0.0972,46.84,158
Japan,Norway,-0.1117,52.65,264
Japan,Chile,-0.1189,58.75,80
Japan,Japan,-0.2316,46.62,114716
Japan,Canada,-0.2738,45.92,1202
Japan,Egypt,-0.2845,51.0,251
Japan,Singapore,-0.3802,38.81,335
Japan,South Korea,-0.4499,46.96,4930
Japan,China,-0.4705,40.64,25178
Japan,Colombia,-0.5069,50.69,144
Japan,India,-0.5516,48.62,1417
Japan,Poland,-0.562,31.07,177
Japan,Australia,-0.5814,42.8,1236
Japan,Czech Republic,-0.5931,48.03,152
Japan,Denmark,-0.6524,31.23,285
Japan,Germany,-0.6532,36.52,2207
Japan,Malaysia,-0.6768,50.56,267
Japan,United Kingdom,-0.8358,26.66,4028
Japan,Vietnam,-0.8661,40.08,494
Japan,United States,-0.8681,36.09,7654
Japan,Philippines,-0.9099,41.95,584
Japan,South Africa,-0.9693,47.19,89
Japan,Thailand,-1.0226,30.08,10271
Japan,Sweden,-1.0883,29.77,299
Japan,Finland,-1.1223,30.86,162
Japan,Bangladesh,-1.2988,23.49,464
Japan,Spain,-1.3461,28.41,542
Japan,Hungary,-1.5368,30.32,188
Japan,Turkey,-1.556,20.26,311
Japan,Russia,-1.6528,21.28,4935
Japan,Nigeria,-1.7782,26.73,101
Japan,Ukraine,-1.8318,21.87,3406
Japan,Peru,-2.1963,9.91,222
Japan,Israel,-2.3244,14.68,4590
Japan,Iran,-2.5499,9.0,10567
Japan,Saudi Arabia,-2.6632,6.48,432
Japan,Qatar,-2.9688,8.05,323
Japan,Iraq,-3.0702,5.5,291
Japan,Mexico,-3.3574,11.15,610
Japan,Pakistan,-4.9529,4.66,816
Malaysia,China,0.8075,58.23,34096
Malaysia,Italy,0.4799,58.99,3016
Malaysia,Vietnam,0.428,57.97,3712
Malaysia,Malaysia,0.216,53.74,43642
Malaysia,Sweden,0.039,44.57,433
Malaysia,Chile,-0.1909,51.91,262
Malaysia,Norway,-0.3825,40.88,592
Malaysia,India,-0.3952,49.62,4617
Malaysia,Iraq,-0.414,55.47,1873
Malaysia,Egypt,-0.5465,51.35,666
Malaysia,Argentina,-0.661,39.39,231
Malaysia,Denmark,-0.6687,38.99,631
Malaysia,South Korea,-0.6851,45.91,5286
Malaysia,Japan,-0.9273,35.42,5997
Malaysia,Finland,-0.9468,34.03,382
Malaysia,Singapore,-1.0189,37.41,6624
Malaysia,Netherlands,-1.1421,43.72,414
Malaysia,South Africa,-1.3162,30.85,363
Malaysia,Germany,-1.3744,33.35,2633
Malaysia,Greece,-1.5405,35.34,832
Malaysia,United Kingdom,-1.5437,24.99,4241
Malaysia,Canada,-1.5859,27.06,1696
Malaysia,Saudi Arabia,-1.598,25.63,835
Malaysia,New Zealand,-1.6322,38.09,764
Malaysia,Indonesia,-1.6422,36.51,6847
Malaysia,France,-1.666,32.5,2569
Malaysia,Brazil,-1.6678,30.98,865
Malaysia,Poland,-1.7311,29.54,325
Malaysia,Thailand,-1.7985,34.0,5368
Malaysia,Australia,-1.9095,31.77,2175
Malaysia,Turkey,-1.9394,37.75,853
Malaysia,United States,-1.9642,25.23,16547
Malaysia,Colombia,-2.0986,21.57,255
Malaysia,Romania,-2.1867,31.32,1028
Malaysia,Philippines,-2.2122,27.81,2851
Malaysia,Hungary,-2.2946,28.89,488
Malaysia,Belgium,-2.3059,30.0,260
Malaysia,Bangladesh,-2.3544,15.2,1099
Malaysia,Czech Republic,-2.6095,27.12,295
Malaysia,Portugal,-2.6672,16.29,313
Malaysia,Russia,-2.7217,14.71,5445
Malaysia,Spain,-2.7272,18.67,1296
Malaysia,Peru,-2.7554,18.3,235
Malaysia,Qatar,-2.8985,11.51,799
Malaysia,Ukraine,-3.1451,9.55,3591
Malaysia,Israel,-3.5857,12.18,4417
Malaysia,Iran,-3.7627,4.84,8474
Malaysia,Nigeria,-4.116,19.65,677
Malaysia,Mexico,-4.2246,7.58,1411
Malaysia,Pakistan,-4.5381,14.19,3114
Mexico,Czech Republic,0.8114,65.43,2311
Mexico,Italy,0.2414,57.64,8822
Mexico,Chile,0.0391,54.07,995
Mexico,India,-0.0097,48.57,35
Mexico,Netherlands,-0.0534,39.88,850
Mexico,Norway,-0.0985,52.92,2090
Mexico,Brazil,-0.1217,55.38,8918
Mexico,Finland,-0.2203,53.27,704
Mexico,Portugal,-0.2627,49.76,3879
Mexico,Singapore,-0.2939,43.89,360
Mexico,New Zealand,-0.3608,42.32,482
Mexico,South Africa,-0.4265,49.36,1412
Mexico,Belgium,-0.4652,44.27,1430
Mexico,China,-0.4663,43.12,6668
Mexico,Japan,-0.5924,43.27,7763
Mexico,Vietnam,-0.623,30.0,50
Mexico,Spain,-0.6848,45.22,21568
Mexico,Romania,-0.6909,40.08,237
Mexico,Mexico,-0.7089,40.56,720094
Mexico,Denmark,-0.7253,36.5,1230
Mexico,Indonesia,-0.7282,43.56,567
Mexico,Thailand,-0.7431,41.72,501
Mexico,Argentina,-0.7522,41.5,8735
Mexico,Malaysia,-0.8067,44.2,224
Mexico,Canada,-0.8585,39.56,24945
Mexico,South Korea,-0.8777,49.62,1322
Mexico,Australia,-0.8934,48.59,852
Mexico,Colombia,-0.9026,41.58,10588
Mexico,Poland,-1.0277,35.91,1100
Mexico,Germany,-1.0664,35.74,7532
Mexico,France,-1.0665,38.19,11326
Mexico,United States,-1.3293,33.09,71085
Mexico,United Kingdom,-1.4134,30.09,16888
Mexico,Bangladesh,-1.5008,40.0,10
Mexico,Egypt,-1.8013,24.99,1693
Mexico,Turkey,-1.8578,29.68,2042
Mexico,Sweden,-1.8874,25.55,54331
Mexico,Philippines,-2.0146,31.47,464
Mexico,Peru,-2.3882,20.2,4446
Mexico,Nigeria,-2.4175,28.79,264
Mexico,Greece,-2.5766,23.89,3479
Mexico,Saudi Arabia,-2.7363,16.3,3251
Mexico,Hungary,-2.7633,12.93,2165
Mexico,Ukraine,-3.1237,8.28,7779
Mexico,Qatar,-3.1301,14.08,142
Mexico,Russia,-3.2029,9.5,17988
Mexico,Israel,-3.6979,7.41,10184
Mexico,Iraq,-3.8368,5.96,2533
Mexico,Iran,-3.9346,4.3,65003
Mexico,Pakistan,-6.6221,2.32,3016
Netherlands,Finland,0.7354,84.67,548
Netherlands,Malaysia,0.6739,60.0,20
Netherlands,Italy,0.6101,79.62,4328
Netherlands,Norway,0.5978,75.83,1233
Netherlands,Czech Republic,0.4595,78.43,700
Netherlands,Argentina,0.3275,61.06,113
Netherlands,Sweden,0.2627,76.92,953
Netherlands,Japan,0.141,60.33,852
Netherlands,Chile,0.0276,50.0,4
Netherlands,New Zealand,-0.2261,69.18,146
Netherlands,Colombia,-0.2763,58.62,29
Netherlands,Poland,-0.2813,41.35,208
Netherlands,Canada,-0.3589,68.98,1789
Netherlands,China,-0.5239,47.81,1460
Netherlands,Brazil,-0.5632,56.19,404
Netherlands,Singapore,-0.7547,31.58,38
Netherlands,Romania,-0.8153,43.4,53
Netherlands,Denmark,-0.8748,40.0,235
Netherlands,Netherlands,-0.9253,40.04,24196
Netherlands,Vietnam,-1.1836,23.33,60
Netherlands,Australia,-1.3025,43.23,576
Netherlands,Portugal,-1.397,22.15,456
Netherlands,Belgium,-1.4479,33.69,1980
Netherlands,Thailand,-1.4503,53.54,226
Netherlands,South Korea,-1.4836,51.66,362
Netherlands,South Africa,-1.4968,42.45,106
Netherlands,France,-1.536,34.46,3482
Netherlands,Germany,-1.5413,35.61,3294
Netherlands,India,-1.6939,24.86,362
Netherlands,Hungary,-2.1473,10.86,479
Netherlands,United States,-2.3305,22.2,12652
Netherlands,United Kingdom,-2.3749,20.48,3604
Netherlands,Indonesia,-2.4794,18.12,138
Netherlands,Egypt,-2.4874,7.66,235
Netherlands,Spain,-2.5571,20.07,1664
Netherlands,Greece,-2.7404,23.29,674
Netherlands,Turkey,-2.8064,11.24,916
Netherlands,Ukraine,-2.8653,13.6,3455
Netherlands,Russia,-3.0421,10.31,4159
Netherlands,Peru,-3.5549,13.64,44
Netherlands,Mexico,-3.733,9.34,685
Netherlands,Qatar,-3.7369,1.37,878
Netherlands,Iran,-3.7578,2.54,17274
Netherlands,Saudi Arabia,-3.7731,3.44,987
Netherlands,Israel,-3.8348,1.89,8459
Netherlands,Philippines,-4.0331,16.36,55
Netherlands,Iraq,-4.1414,0.79,1019
Netherlands,Pakistan,-5.3722,4.78,418
Netherlands,Nigeria,-5.8642,12.12,132
Netherlands,Bangladesh,-7.8652,0.0,2
New Zealand,Czech Republic,2.0653,90.0,130
New Zealand,Italy,0.639,67.03,1207
New Zealand,Denmark,0.3638,42.49,193
New Zealand,Malaysia,0.1165,57.78,90
New Zealand,Argentina,0.0292,53.85,156
New Zealand,Hungary,0.0263,85.71,105
New Zealand,Poland,-0.0404,55.3,264
New Zealand,Singapore,-0.0517,53.87,362
New Zealand,Japan,-0.0609,46.98,945
New Zealand,India,-0.1236,52.25,1045
New Zealand,Netherlands,-0.1446,51.98,177
New Zealand,New Zealand,-0.5685,41.34,54171
New Zealand,Chile,-0.5738,64.29,56
New Zealand,Bangladesh,-0.7966,53.85,13
New Zealand,South Africa,-0.8157,44.56,294
New Zealand,China,-0.8415,35.91,2793
New Zealand,South Korea,-0.8506,57.64,406
New Zealand,Greece,-0.862,45.64,149
New Zealand,Romania,-1.0049,2.17,92
New Zealand,France,-1.1351,34.63,1669
New Zealand,Sweden,-1.2319,26.32,171
New Zealand,Vietnam,-1.3024,38.93,149
New Zealand,Portugal,-1.3292,43.75,48
New Zealand,Thailand,-1.3938,49.19,185
New Zealand,Australia,-1.4762,39.32,8042
New Zealand,United Kingdom,-1.5295,24.97,5603
New Zealand,Canada,-1.6549,31.44,1266
New Zealand,Norway,-1.7496,27.94,383
New Zealand,Indonesia,-1.8016,40.35,171
New Zealand,Spain,-1.8577,25.44,283
New Zealand,Belgium,-1.8784,16.13,93
New Zealand,United States,-2.22,21.99,9840
New Zealand,Germany,-2.2616,21.12,895
New Zealand,Finland,-2.3572,19.23,78
New Zealand,Saudi Arabia,-2.371,16.47,583
New Zealand,Brazil,-2.5284,20.97,186
New Zealand,Qatar,-2.8487,10.73,671
New Zealand,Nigeria,-3.0853,61.05,95
New Zealand,Turkey,-3.1608,20.56,248
New Zealand,Philippines,-3.245,27.2,239
New Zealand,Ukraine,-3.725,9.94,1580
New Zealand,Russia,-3.8091,10.34,2379
New Zealand,Colombia,-3.8738,2.63,114
New Zealand,Iran,-3.8958,1.82,10016
New Zealand,Egypt,-3.9283,5.06,158
New Zealand,Israel,-4.121,2.04,4760
New Zealand,Iraq,-4.2249,2.37,507
New Zealand,Mexico,-4.5566,6.32,1139
New Zealand,Pakistan,-5.4191,7.68,625
New Zealand,Peru,-8.142,0.0,107
Nigeria,Czech Republic,1.3152,68.0,50
Nigeria,Norway,1.2435,68.3,265
Nigeria,Argentina,0.8833,65.15,132
Nigeria,Denmark,0.8802,71.98,257
Nigeria,Sweden,0.7735,62.24,143
Nigeria,Canada,0.6713,59.96,1009
Nigeria,Poland,0.2616,56.72,134
Nigeria,Singapore,0.1276,41.86,172
Nigeria,Italy,0.0092,52.56,761
Nigeria,China,-0.0754,47.14,2762
Nigeria,Malaysia,-0.1139,69.09,110
Nigeria,Spain,-0.1792,54.51,1407
Nigeria,Belgium,-0.255,45.57,158
Nigeria,Germany,-0.3128,48.21,952
Nigeria,Chile,-0.4356,27.27,33
Nigeria,Thailand,-0.6676,54.64,194
Nigeria,France,-0.6822,42.05,1760
Nigeria,Nigeria,-0.7958,44.04,184710
Nigeria,Brazil,-0.8304,42.41,639
Nigeria,Portugal,-0.8596,37.06,313
Nigeria,Finland,-1.018,41.67,48
Nigeria,Turkey,-1.0339,49.54,878
Nigeria,Greece,-1.1001,49.59,121
Nigeria,United Kingdom,-1.1114,38.75,4831
Nigeria,Netherlands,-1.1211,41.22,245
Nigeria,Vietnam,-1.1377,50.68,146
Nigeria,Indonesia,-1.2224,41.11,270
Nigeria,South Africa,-1.2249,37.85,1794
Nigeria,India,-1.236,39.76,1084
Nigeria,Japan,-1.4727,27.21,768
Nigeria,Bangladesh,-1.7341,31.11,90
Nigeria,Saudi Arabia,-1.866,27.36,2211
Nigeria,United States,-2.0299,27.43,9932
Nigeria,Romania,-2.26,17.24,29
Nigeria,Egypt,-2.27,30.58,932
Nigeria,South Korea,-2.289,37.39,238
Nigeria,Hungary,-2.3225,28.24,85
Nigeria,Colombia,-2.5312,18.18,77
Nigeria,Philippines,-2.8067,11.54,78
Nigeria,Australia,-2.9317,35.53,532
Nigeria,Qatar,-3.3565,12.84,966
Nigeria,Peru,-3.4194,21.82,55
Nigeria,New Zealand,-3.6477,19.75,81
Nigeria,Russia,-3.8578,8.13,1931
Nigeria,Iraq,-4.1452,2.15,559
Nigeria,Mexico,-4.1605,8.66,982
Nigeria,Iran,-4.255,3.15,9738
Nigeria,Israel,-4.3813,4.98,4238
Nigeria,Ukraine,-4.4502,7.96,980
Nigeria,Pakistan,-5.7337,8.63,336
Norway,New Zealand,1.6349,66.67,6
Norway,Argentina,1.204,64.86,37
Norway,South Africa,0.3089,76.86,121
Norway,India,0.0103,60.61,33
Norway,Chile,0.0,0.0,5
Norway,Brazil,-0.1058,24.39,287
Norway,Australia,-0.2802,42.0,150
Norway,Japan,-0.3322,39.51,1096
Norway,Singapore,-0.4013,32.0,150
Norway,Malaysia,-0.6181,14.29,28
Norway,Italy,-0.6621,42.83,1359
Norway,Denmark,-0.9851,21.75,2703
Norway,Philippines,-1.2826,46.58,161
Norway,Norway,-1.3402,27.75,44323
Norway,Germany,-1.377,29.85,2007
Norway,Netherlands,-1.4466,30.68,352
Norway,Romania,-1.448,3.03,66
Norway,China,-1.4572,21.74,2351
Norway,Spain,-1.5026,35.04,1247
Norway,Finland,-1.6098,28.38,377
Norway,Belgium,-1.6753,36.93,176
Norway,France,-1.6936,25.34,1784
Norway,Thailand,-1.8267,61.54,26
Norway,Sweden,-1.8591,23.82,5025
Norway,South Korea,-1.9677,13.3,406
Norway,Portugal,-2.0558,28.11,185
Norway,Qatar,-2.1371,13.11,61
Norway,Turkey,-2.1412,17.86,420
Norway,United Kingdom,-2.2117,16.99,3179
Norway,Poland,-2.2424,15.69,204
Norway,Vietnam,-2.3937,0.0,12
Norway,Egypt,-2.4633,23.58,106
Norway,Bangladesh,-2.5035,20.0,20
Norway,Czech Republic,-2.5153,35.14,37
Norway,United States,-2.6193,13.6,2713
Norway,Canada,-2.7836,26.14,306
Norway,Saudi Arabia,-2.8109,12.39,678
Norway,Greece,-2.9669,11.59,345
Norway,Ukraine,-3.0644,12.48,5465
Norway,Colombia,-3.2922,1.63,123
Norway,Russia,-3.3065,7.76,8248
Norway,Indonesia,-3.4519,4.88,41
Norway,Iraq,-3.504,5.46,1062
Norway,Mexico,-3.57,10.29,583
Norway,Israel,-4.0862,4.55,8333
Norway,Iran,-4.2694,1.25,17537
Norway,Hungary,-4.3473,6.37,314
Norway,Nigeria,-5.9015,31.58,38
Norway,Pakistan,-6.0169,7.47,562
Pakistan,Indonesia,0.3539,49.23,1424
Pakistan,Argentina,0.2548,55.56,243
Pakistan,Japan,0.1588,43.11,2046
Pakistan,Italy,-0.1397,51.11,2440
Pakistan,South Africa,-0.174,42.23,1859
Pakistan,Malaysia,-0.2215,52.13,447
Pakistan,Bangladesh,-0.355,40.21,3830
Pakistan,China,-0.3636,43.13,10485
Pakistan,New Zealand,-0.4934,50.75,2071
Pakistan,Netherlands,-0.5759,32.74,837
Pakistan,Denmark,-0.7482,41.08,594
Pakistan,Romania,-0.8077,53.47,101
Pakistan,Vietnam,-0.8145,52.57,253
Pakistan,Norway,-0.831,44.14,759
Pakistan,Thailand,-0.9422,42.58,627
Pakistan,Singapore,-1.0793,43.14,306
Pakistan,Germany,-1.2572,31.04,2242
Pakistan,Saudi Arabia,-1.2847,36.78,6876
Pakistan,Australia,-1.3397,34.27,3986
Pakistan,Chile,-1.345,32.68,153
Pakistan,Greece,-1.3451,35.1,453
Pakistan,Brazil,-1.4388,33.38,791
Pakistan,India,-1.495,31.5,21343
Pakistan,Portugal,-1.5939,29.81,265
Pakistan,Canada,-1.6071,38.09,2678
Pakistan,United Kingdom,-1.6558,27.35,9782
Pakistan,Sweden,-1.6686,39.88,341
Pakistan,Qatar,-1.7233,31.48,3580
Pakistan,Pakistan,-1.8097,32.7,104334
Pakistan,France,-1.8861,29.92,3128
Pakistan,Spain,-2.0206,30.91,1912
Pakistan,Turkey,-2.0683,32.65,1461
Pakistan,United States,-2.1271,26.09,20637
Pakistan,Poland,-2.169,22.91,323
Pakistan,Finland,-2.2074,25.6,125
Pakistan,Egypt,-2.3578,22.03,1185
Pakistan,Czech Republic,-2.5551,23.13,134
Pakistan,Philippines,-2.6785,34.45,238
Pakistan,Colombia,-2.7011,24.44,90
Pakistan,Hungary,-2.722,20.94,234
Pakistan,Belgium,-2.7287,24.44,270
Pakistan,South Korea,-3.2365,20.59,1161
Pakistan,Russia,-3.3359,11.18,6397
Pakistan,Iran,-3.5034,9.33,39655
Pakistan,Israel,-3.538,11.59,23401
Pakistan,Ukraine,-3.666,6.43,2832
Pakistan,Mexico,-3.7118,13.1,1244
Pakistan,Iraq,-3.9199,7.52,1609
Pakistan,Peru,-4.8869,10.53,57
Pakistan,Nigeria,-5.232,13.07,375
Peru,Netherlands,1.8608,90.48,84
Peru,Australia,1.2309,78.3,106
Peru,Brazil,1.0729,66.62,3958
Peru,Nigeria,0.9289,71.43,7
Peru,Argentina,0.7347,60.49,5593
Peru,Spain,0.6528,59.43,4974
Peru,Portugal,0.5631,56.13,718
Peru,Czech Republic,0.3822,45.88,279
Peru,Thailand,0.2265,53.06,98
Peru,Romania,0.2059,52.94,51
Peru,Colombia,0.1684,53.36,5019
Peru,Indonesia,0.1042,64.44,90
Peru,Denmark,0.1041,41.21,199
Peru,Turkey,0.032,57.83,2452
Peru,South Africa,0.0169,67.5,80
Peru,Vietnam,-0.1058,16.67,12
Peru,Japan,-0.1804,44.28,996
Peru,United States,-0.2647,49.09,12111
Peru,Italy,-0.3366,46.79,998
Peru,Norway,-0.3404,31.88,138
Peru,Singapore,-0.3825,44.44,72
Peru,India,-0.591,47.37,19
Peru,Mexico,-0.6002,42.25,6682
Peru,Peru,-0.6052,41.44,90659
Peru,Poland,-0.6106,51.69,118
Peru,Philippines,-0.6284,54.24,59
Peru,Chile,-0.7146,42.9,676
Peru,Belgium,-0.7184,45.5,222
Peru,Germany,-0.7997,39.07,1180
Peru,Canada,-0.8199,47.5,1200
Peru,Finland,-0.8232,29.17,48
Peru,South Korea,-0.9384,58.03,193
Peru,United Kingdom,-1.1445,39.79,1121
Peru,France,-1.2213,34.46,1779
Peru,China,-1.2873,27.1,2565
Peru,Greece,-1.3615,34.78,161
Peru,Malaysia,-1.4023,33.33,54
Peru,Sweden,-1.4062,32.76,14362
Peru,Egypt,-1.6059,28.02,257
Peru,New Zealand,-2.0371,5.88,34
Peru,Saudi Arabia,-2.1676,24.05,420
Peru,Russia,-2.9152,19.23,3365
Peru,Hungary,-2.9588,25.35,142
Peru,Ukraine,-3.6636,10.67,1602
Peru,Iraq,-3.8625,12.37,194
Peru,Iran,-4.0441,5.32,8368
Peru,Israel,-4.2629,7.1,1127
Peru,Qatar,-6.8855,0.0,20
Peru,Pakistan,-6.9038,2.39,335
Peru,Bangladesh,-7.1895,0.0,10
Philippines,Nigeria,1.4362,50.0,34
Philippines,Japan,1.3327,59.41,2392
Philippines,Singapore,1.2302,62.96,683
Philippines,Brazil,0.9322,61.76,272
Philippines,Poland,0.8456,34.48,58
Philippines,Thailand,0.8283,55.99,768
Philippines,Spain,0.7556,60.3,665
Philippines,South Korea,0.6607,63.96,1651
Philippines,India,0.4843,53.79,738
Philippines,Vietnam,0.2993,50.73,615
Philippines,Malaysia,0.2311,47.58,559
Philippines,Romania,0.2245,18.75,32
Philippines,Australia,0.1419,53.63,1268
Philippines,Finland,0.1318,37.29,59
Philippines,Belgium,0.1255,59.42,69
Philippines,United Kingdom,0.0227,44.15,1522
Philippines,Bangladesh,-0.155,38.46,117
Philippines,Italy,-0.1808,50.7,647
Philippines,Colombia,-0.1828,47.62,63
Philippines,New Zealand,-0.2434,51.92,156
Philippines,Chile,-0.2458,55.74,61
Philippines,Germany,-0.2499,48.6,605
Philippines,Philippines,-0.355,46.26,68258
Philippines,Canada,-0.5253,46.01,852
Philippines,France,-0.7302,40.83,1183
Philippines,Norway,-0.7718,36.21,116
Philippines,United States,-0.8228,39.71,5110
Philippines,Sweden,-0.8348,31.91,94
Philippines,Indonesia,-1.0719,39.03,848
Philippines,Argentina,-1.0866,53.97,63
Philippines,Egypt,-1.0883,18.35,109
Philippines,China,-1.2004,32.04,8034
Philippines,South Africa,-1.4619,20.22,183
Philippines,Czech Republic,-1.4799,38.71,31
Philippines,Turkey,-1.6457,35.54,166
Philippines,Hungary,-1.844,6.9,29
Philippines,Denmark,-1.9393,19.01,121
Philippines,Portugal,-2.1069,30.69,101
Philippines,Saudi Arabia,-2.3457,23.12,519
Philippines,Ukraine,-2.3919,14.88,719
Philippines,Greece,-2.5269,42.52,127
Philippines,Russia,-3.0163,11.75,953
Philippines,Qatar,-3.2749,10.14,661
Philippines,Mexico,-3.2756,23.69,439
Philippines,Iraq,-3.3708,8.76,274
Philippines,Peru,-3.3737,22.83,254
Philippines,Israel,-3.5009,7.91,3236
Philippines,Netherlands,-3.6778,22.8,364
Philippines,Iran,-3.8892,2.29,5275
Philippines,Pakistan,-5.2403,13.0,523
Poland,Argentina,1.0913,65.22,46
Poland,Bangladesh,0.4199,56.25,32
Poland,Romania,0.1193,57.58,561
Poland,Italy,-0.0289,49.47,2080
Poland,Chile,-0.1495,33.33,6
Poland,Singapore,-0.159,45.83,48
Poland,Japan,-0.2604,43.73,1116
Poland,Indonesia,-0.6914,54.02,87
Poland,Thailand,-0.9382,37.07,205
Poland,Egypt,-1.0338,34.32,775
Poland,New Zealand,-1.0342,23.33,60
Poland,Brazil,-1.0723,43.41,311
Poland,Poland,-1.0781,37.34,66917
Poland,Spain,-1.2706,29.9,1428
Poland,Peru,-1.3145,30.77,91
Poland,Denmark,-1.3362,31.27,387
Poland,France,-1.3732,33.71,3147
Poland,Canada,-1.3971,33.24,1026
Poland,China,-1.3983,26.75,4382
Poland,Netherlands,-1.455,36.76,593
Poland,Greece,-1.467,45.43,438
Poland,Malaysia,-1.4731,32.0,25
Poland,Czech Republic,-1.5088,37.74,1126
Poland,Sweden,-1.514,27.23,819
Poland,South Korea,-1.6323,28.99,645
Poland,United Kingdom,-1.656,32.2,2804
Poland,Portugal,-1.7174,32.24,456
Poland,Finland,-1.8069,19.37,284
Poland,Norway,-1.8148,32.17,575
Poland,Colombia,-1.822,34.21,76
Poland,Vietnam,-1.8266,26.67,90
Poland,Philippines,-1.843,45.71,70
Poland,Germany,-1.8708,24.67,7553
Poland,India,-2.0355,27.22,632
Poland,South Africa,-2.0493,5.56,72
Poland,Belgium,-2.0689,27.34,523
Poland,Australia,-2.097,18.02,344
Poland,United States,-2.1238,22.87,18259
Poland,Turkey,-2.4052,19.65,1089
Poland,Hungary,-3.0305,14.57,2635
Poland,Saudi Arabia,-3.1743,17.83,1178
Poland,Russia,-3.3995,9.56,17264
Poland,Nigeria,-3.4941,12.2,82
Poland,Ukraine,-3.7098,9.63,13319
Poland,Qatar,-3.9898,5.04,337
Poland,Iraq,-4.0262,3.15,952
Poland,Iran,-4.1914,4.4,12470
Poland,Israel,-4.2125,5.64,6361
Poland,Mexico,-4.7437,7.51,1118
Poland,Pakistan,-5.8937,6.83,410
Portugal,Chile,1.0732,67.35,49
Portugal,South Korea,0.2506,58.56,263
Portugal,Japan,-0.0664,44.71,1977
Portugal,Egypt,-0.1845,39.48,575
Portugal,Poland,-0.1948,49.57,702
Portugal,South Africa,-0.2439,40.58,69
Portugal,Vietnam,-0.2567,44.62,186
Portugal,Finland,-0.3137,42.01,488
Portugal,Denmark,-0.3146,43.71,1169
Portugal,Bangladesh,-0.3912,30.0,10
Portugal,Netherlands,-0.4006,49.82,558
Portugal,Brazil,-0.4029,49.5,9160
Portugal,Norway,-0.448,45.61,1081
Portugal,Romania,-0.4559,37.88,623
Portugal,Australia,-0.4719,39.64,956
Portugal,Sweden,-0.5769,48.77,734
Portugal,Indonesia,-0.5915,42.79,222
Portugal,Belgium,-0.6586,37.11,1719
Portugal,China,-0.6717,40.97,2094
Portugal,India,-0.7257,45.1,836
Portugal,Italy,-0.7278,43.98,3763
Portugal,Malaysia,-0.757,35.37,82
Portugal,Singapore,-0.8291,17.71,192
Portugal,Saudi Arabia,-0.8457,32.23,633
Portugal,Czech Republic,-0.9426,35.56,329
Portugal,Portugal,-0.947,36.33,122915
Portugal,Colombia,-0.9605,34.33,603
Portugal,United States,-0.9933,33.92,5321
Portugal,United Kingdom,-1.082,31.71,5622
Portugal,Spain,-1.0871,35.42,13610
Portugal,Germany,-1.0968,35.94,4719
Portugal,France,-1.2052,33.87,7655
Portugal,Argentina,-1.237,34.5,1313
Portugal,Canada,-1.4295,30.1,1538
Portugal,Hungary,-1.5627,21.52,1501
Portugal,Peru,-1.6048,33.73,83
Portugal,Nigeria,-1.9274,37.1,221
Portugal,Thailand,-2.0145,32.37,312
Portugal,Greece,-2.0437,30.04,1062
Portugal,Turkey,-2.0465,20.17,1621
Portugal,Mexico,-2.3536,20.72,2741
Portugal,Philippines,-2.6355,22.3,269
Portugal,Ukraine,-2.6574,11.99,9939
Portugal,Qatar,-2.6987,10.53,1102
Portugal,Russia,-2.9801,11.0,10556
Portugal,Iraq,-3.3786,6.94,1152
Portugal,Iran,-3.4377,4.61,11567
Portugal,Israel,-3.4672,6.73,5286
Portugal,New Zealand,-3.7534,19.51,82
Portugal,Pakistan,-5.7115,2.12,1086
Qatar,Qatar,0.4918,53.96,7646
Qatar,Malaysia,0.0457,45.45,286
Qatar,Bangladesh,-0.7752,25.7,2008
Qatar,Thailand,-1.0411,31.36,389
Qatar,Indonesia,-1.2719,15.34,639
Qatar,Egypt,-1.4051,36.69,5563
Qatar,South Korea,-1.4833,27.75,973
Qatar,Turkey,-1.5506,33.88,3563
Qatar,Romania,-1.6645,25.29,87
Qatar,Greece,-1.746,28.45,1037
Qatar,Saudi Arabia,-1.7946,32.36,3409
Qatar,India,-1.8644,19.24,4532
Qatar,Denmark,-1.8817,17.41,448
Qatar,Italy,-1.8923,26.91,1271
Qatar,China,-1.9186,18.83,7298
Qatar,Singapore,-1.9323,32.14,112
Qatar,Japan,-2.0111,19.25,1382
Qatar,Argentina,-2.019,17.8,264
Qatar,Chile,-2.0311,35.19,108
Qatar,Colombia,-2.1849,33.18,657
Qatar,Vietnam,-2.2385,33.55,152
Qatar,Netherlands,-2.4018,20.79,303
Qatar,Sweden,-2.423,7.06,354
Qatar,Germany,-2.4477,18.7,2958
Qatar,Canada,-2.5334,20.16,1776
Qatar,Norway,-2.6983,6.6,561
Qatar,Poland,-2.713,14.58,288
Qatar,Finland,-2.757,10.13,79
Qatar,United Kingdom,-2.9376,14.0,6243
Qatar,Iraq,-3.018,17.52,6010
Qatar,United States,-3.0599,10.65,23728
Qatar,Brazil,-3.1657,21.21,726
Qatar,Czech Republic,-3.189,7.14,84
Qatar,Portugal,-3.2543,12.5,264
Qatar,Hungary,-3.336,13.7,511
Qatar,France,-3.4077,14.96,4538
Qatar,Iran,-3.447,5.84,47319
Qatar,Belgium,-3.4911,15.35,241
Qatar,Spain,-3.673,16.92,1247
Qatar,South Africa,-3.6955,12.05,813
Qatar,Russia,-3.8095,6.07,11752
Qatar,New Zealand,-4.0002,17.6,125
Qatar,Ukraine,-4.2019,2.08,8984
Qatar,Australia,-4.2246,12.8,1313
Qatar,Israel,-4.417,4.98,54192
Qatar,Peru,-4.451,9.77,174
Qatar,Pakistan,-4.6389,8.56,4532
Qatar,Philippines,-4.8487,3.54,226
Qatar,Nigeria,-5.0502,6.17,1005
Qatar,Mexico,-5.3911,1.6,2188
Romania,Singapore,0.3255,49.19,492
Romania,Czech Republic,0.0402,47.23,1986
Romania,Japan,-0.1485,45.1,4554
Romania,Thailand,-0.164,41.68,691
Romania,Denmark,-0.4948,43.77,2230
Romania,New Zealand,-0.4991,51.53,326
Romania,Philippines,-0.5475,60.0,250
Romania,Poland,-0.5792,44.11,8967
Romania,Romania,-0.5937,41.15,209590
Romania,Egypt,-0.621,41.59,2034
Romania,Brazil,-0.6215,41.66,1474
Romania,Greece,-0.6765,43.38,6519
Romania,South Africa,-0.6796,41.94,93
Romania,Belgium,-0.7246,37.02,3814
Romania,Malaysia,-0.7702,47.87,188
Romania,Italy,-0.851,41.5,13524
Romania,Indonesia,-0.8757,30.97,452
Romania,Netherlands,-0.9557,39.93,1996
Romania,China,-0.9933,34.31,8467
Romania,India,-1.024,41.06,492
Romania,Argentina,-1.0814,40.04,1024
Romania,Sweden,-1.1556,31.53,2401
Romania,Bangladesh,-1.1642,57.5,40
Romania,United States,-1.1777,33.98,17698
Romania,France,-1.2215,36.26,17852
Romania,Australia,-1.2262,37.82,2930
Romania,United Kingdom,-1.262,32.22,15745
Romania,Turkey,-1.2995,36.95,5207
Romania,Germany,-1.3097,29.26,17890
Romania,Norway,-1.3927,32.37,2258
Romania,Vietnam,-1.4175,33.5,200
Romania,Spain,-1.4682,32.74,9922
Romania,Portugal,-1.4991,36.29,1987
Romania,Hungary,-1.6117,26.62,10462
Romania,Canada,-1.7633,33.11,3848
Romania,Finland,-1.7836,30.78,1436
Romania,Colombia,-1.9706,25.0,268
Romania,South Korea,-1.9826,29.95,1666
Romania,Chile,-2.0519,24.32,74
Romania,Saudi Arabia,-2.2347,20.38,3155
Romania,Peru,-2.8012,27.66,47
Romania,Ukraine,-2.8473,15.01,47590
Romania,Russia,-3.147,10.2,58217
Romania,Qatar,-3.1778,10.78,575
Romania,Mexico,-3.4557,14.3,2657
Romania,Israel,-3.7675,7.54,14580
Romania,Iran,-3.7713,4.9,48681
Romania,Iraq,-3.8008,6.56,2530
Romania,Nigeria,-3.9098,10.11,376
Romania,Pakistan,-6.3842,4.61,1520
Saudi Arabia,Saudi Arabia,2.8461,79.41,19969
Saudi Arabia,United Kingdom,2.5047,75.23,7092
Saudi Arabia,Romania,2.4528,25.0,24
Saudi Arabia,Belgium,1.3801,61.54,78
Saudi Arabia,Argentina,1.0093,60.44,91
Saudi Arabia,Singapore,0.6705,51.35,74
Saudi Arabia,South Africa,0.6311,41.86,86
Saudi Arabia,Bangladesh,0.4332,58.82,34
Saudi Arabia,Turkey,0.2115,57.39,1028
Saudi Arabia,New Zealand,0.0701,43.08,65
Saudi Arabia,Malaysia,0.0491,49.23,65
Saudi Arabia,Indonesia,-0.0632,46.43,252
Saudi Arabia,Japan,-0.1347,47.72,394
Saudi Arabia,Denmark,-0.3061,46.84,79
Saudi Arabia,Qatar,-0.3534,43.25,756
Saudi Arabia,Netherlands,-0.4044,50.89,112
Saudi Arabia,Poland,-0.5675,18.18,66
Saudi Arabia,Germany,-0.6602,40.91,836
Saudi Arabia,Portugal,-0.746,36.86,274
Saudi Arabia,South Korea,-0.9292,47.88,165
Saudi Arabia,Egypt,-0.9755,46.23,2468
Saudi Arabia,Finland,-1.0807,45.45,22
Saudi Arabia,Vietnam,-1.4045,20.0,20
Saudi Arabia,Spain,-1.4529,36.98,576
Saudi Arabia,China,-1.671,30.6,1206
Saudi Arabia,Italy,-1.8124,36.61,254
Saudi Arabia,France,-1.8813,37.55,1084
Saudi Arabia,India,-1.8955,30.49,551
Saudi Arabia,Australia,-1.9763,23.46,243
Saudi Arabia,Brazil,-2.2016,30.06,316
Saudi Arabia,Sweden,-2.2976,23.53,51
Saudi Arabia,Russia,-2.4349,18.95,1826
Saudi Arabia,Canada,-2.4591,24.37,279
Saudi Arabia,Ukraine,-2.5907,18.72,892
Saudi Arabia,United States,-2.6315,16.74,4910
Saudi Arabia,Iraq,-2.7454,17.66,906
Saudi Arabia,Thailand,-2.7866,23.08,39
Saudi Arabia,Norway,-3.0512,25.0,80
Saudi Arabia,Israel,-3.2424,16.91,4719
Saudi Arabia,Iran,-3.4359,10.52,8106
Saudi Arabia,Greece,-3.6196,23.75,160
Saudi Arabia,Hungary,-3.658,5.41,37
Saudi Arabia,Colombia,-3.9328,12.2,82
Saudi Arabia,Czech Republic,-4.1721,0.0,42
Saudi Arabia,Pakistan,-4.1977,27.5,560
Saudi Arabia,Nigeria,-4.8744,29.03,62
Saudi Arabia,Chile,-4.8787,39.29,28
Saudi Arabia,Mexico,-5.4388,2.71,442
Saudi Arabia,Philippines,-6.092,0.0,40
Saudi Arabia,Peru,-6.1703,0.0,5
Singapore,Peru,0.5498,50.48,105
Singapore,Singapore,0.3408,58.15,32109
Singapore,Chile,0.2038,41.25,160
Singapore,Vietnam,0.0473,57.73,1663
Singapore,India,-0.3268,50.93,4691
Singapore,South Korea,-0.3384,48.29,4266
Singapore,China,-0.3586,43.34,32006
Singapore,Romania,-0.4186,50.0,304
Singapore,Japan,-0.4993,42.01,7263
Singapore,Italy,-0.5845,39.27,848
Singapore,Argentina,-0.5978,40.0,135
Singapore,Thailand,-0.602,43.14,4133
Singapore,Brazil,-0.6196,32.69,465
Singapore,South Africa,-0.6985,46.21,145
Singapore,Malaysia,-0.7118,44.58,6759
Singapore,Indonesia,-0.7997,40.79,6661
Singapore,Czech Republic,-0.8551,30.0,140
Singapore,Germany,-1.0416,30.3,2498
Singapore,Denmark,-1.0743,25.82,306
Singapore,Sweden,-1.185,41.14,158
Singapore,Portugal,-1.236,51.96,204
Singapore,Netherlands,-1.4317,36.25,309
Singapore,Egypt,-1.621,27.8,259
Singapore,Canada,-1.6229,35.94,1483
Singapore,New Zealand,-1.6457,37.86,523
Singapore,Poland,-1.6459,39.08,174
Singapore,United Kingdom,-1.6666,27.36,3797
Singapore,United States,-1.7179,27.48,16524
Singapore,Norway,-1.7209,22.95,292
Singapore,Australia,-1.724,39.25,2731
Singapore,Bangladesh,-1.7955,22.18,861
Singapore,Finland,-1.8371,30.93,194
Singapore,France,-1.8913,27.36,1904
Singapore,Spain,-2.1097,31.9,837
Singapore,Colombia,-2.5515,28.4,81
Singapore,Saudi Arabia,-2.5744,14.53,1686
Singapore,Philippines,-2.6827,22.6,1549
Singapore,Greece,-2.7263,12.9,341
Singapore,Qatar,-2.8806,9.83,1231
Singapore,Russia,-2.9446,16.06,4472
Singapore,Hungary,-3.1338,12.0,200
Singapore,Iraq,-3.1653,10.97,1139
Singapore,Belgium,-3.244,21.94,196
Singapore,Israel,-3.3112,12.1,6843
Singapore,Ukraine,-3.4512,11.01,2471
Singapore,Iran,-3.4945,4.6,15387
Singapore,Turkey,-3.5936,11.75,681
Singapore,Mexico,-3.9704,6.04,861
Singapore,Nigeria,-4.6703,8.84,181
Singapore,Pakistan,-5.2329,11.98,1544
South Africa,Peru,-0.3964,51.28,39
South Africa,Japan,-0.4288,40.84,431
South Africa,New Zealand,-0.6496,32.36,275
South Africa,Netherlands,-0.6583,41.07,224
South Africa,Italy,-0.6903,36.46,639
South Africa,Portugal,-0.7113,63.58,173
South Africa,Malaysia,-0.8596,31.71,41
South Africa,China,-1.003,36.28,3575
South Africa,Denmark,-1.0332,39.09,220
South Africa,Thailand,-1.0415,40.48,168
South Africa,Chile,-1.1365,29.09,55
South Africa,Norway,-1.1958,25.53,188
South Africa,India,-1.2509,38.0,1337
South Africa,Nigeria,-1.2887,42.01,2785
South Africa,Germany,-1.5218,36.59,574
South Africa,France,-1.5331,40.05,1186
South Africa,Bangladesh,-1.5976,21.08,204
South Africa,Belgium,-1.6052,33.08,133
South Africa,Brazil,-1.6856,28.78,417
South Africa,United Kingdom,-1.7131,27.78,2120
South Africa,Colombia,-1.8069,40.0,25
South Africa,Australia,-1.9866,31.21,990
South Africa,Argentina,-2.0077,31.9,163
South Africa,South Africa,-2.0389,25.84,48413
South Africa,Finland,-2.0676,22.73,44
South Africa,United States,-2.3755,19.93,5626
South Africa,Sweden,-2.5015,22.58,62
South Africa,Spain,-2.5029,21.34,492
South Africa,South Korea,-2.5512,34.68,447
South Africa,Canada,-2.5601,25.45,668
South Africa,Singapore,-2.6113,32.14,112
South Africa,Egypt,-2.6714,27.81,302
South Africa,Indonesia,-2.8271,20.31,128
South Africa,Vietnam,-2.9034,11.29,124
South Africa,Saudi Arabia,-2.9623,14.5,848
South Africa,Hungary,-3.3743,9.17,109
South Africa,Czech Republic,-3.4628,0.0,37
South Africa,Turkey,-3.5286,32.84,408
South Africa,Russia,-3.6947,6.61,3207
South Africa,Greece,-3.8797,10.77,195
South Africa,Poland,-3.9611,10.1,198
South Africa,Ukraine,-3.9688,5.68,2042
South Africa,Iran,-4.1283,3.04,7075
South Africa,Qatar,-4.1296,1.03,677
South Africa,Israel,-4.176,5.17,3852
South Africa,Iraq,-4.5726,3.98,402
South Africa,Romania,-4.8517,7.53,93
South Africa,Mexico,-5.4117,6.83,615
South Africa,Philippines,-6.1983,7.0,100
South Africa,Pakistan,-6.5175,10.31,572
South Korea,Singapore,2.7141,81.53,1911
South Korea,Indonesia,2.6315,78.34,1034
South Korea,Brazil,1.6168,74.97,1434
South Korea,New Zealand,1.4187,80.62,258
South Korea,Malaysia,1.0587,56.68,404
South Korea,Philippines,1.0214,69.93,1749
South Korea,Italy,0.7948,65.43,9179
South Korea,Czech Republic,0.7408,76.4,339
South Korea,Romania,0.5187,56.99,93
South Korea,Netherlands,0.0878,57.93,813
South Korea,Spain,0.0755,58.81,1408
South Korea,Norway,-0.0205,46.89,386
South Korea,Greece,-0.1817,44.48,281
South Korea,Sweden,-0.2306,45.47,453
South Korea,South Africa,-0.3348,40.79,152
South Korea,Chile,-0.3695,47.95,73
South Korea,Argentina,-0.3765,38.74,191
South Korea,Japan,-0.7168,40.31,20407
South Korea,Canada,-0.7398,48.94,2881
South Korea,Saudi Arabia,-0.7447,47.8,1525
South Korea,South Korea,-0.749,40.79,97518
South Korea,India,-0.8871,48.75,1364
South Korea,France,-0.9704,43.07,2633
South Korea,Germany,-1.0582,31.39,2389
South Korea,Egypt,-1.0723,25.44,342
South Korea,China,-1.075,34.87,16021
South Korea,Poland,-1.0957,28.93,242
South Korea,Portugal,-1.1535,42.86,77
South Korea,Belgium,-1.2468,37.77,188
South Korea,United States,-1.2577,32.47,39364
South Korea,Denmark,-1.4347,32.23,211
South Korea,Thailand,-1.4479,44.81,1031
South Korea,Turkey,-1.451,33.33,120
South Korea,Hungary,-1.4573,27.0,200
South Korea,United Kingdom,-1.4646,31.18,4019
South Korea,Australia,-1.5783,33.0,1479
South Korea,Vietnam,-1.676,35.2,1321
South Korea,Mexico,-2.3261,22.67,988
South Korea,Colombia,-2.8174,16.51,109
South Korea,Russia,-2.9625,15.84,4488
South Korea,Finland,-3.0918,21.95,82
South Korea,Qatar,-3.7261,10.08,605
South Korea,Iran,-3.7828,4.65,20598
South Korea,Ukraine,-3.8951,9.75,3260
South Korea,Peru,-3.9287,13.92,158
South Korea,Israel,-4.1592,4.95,6430
South Korea,Iraq,-4.1752,3.56,1011
South Korea,Bangladesh,-4.3117,5.88,102
South Korea,Pakistan,-6.3336,11.73,375
South Korea,Nigeria,-6.5525,7.84,51
Spain,Japan,0.1885,53.4,26042
Spain,Netherlands,-0.1002,48.3,7352
Spain,Portugal,-0.1282,50.25,40917
Spain,Czech Republic,-0.1308,45.06,5477
Spain,Norway,-0.145,45.13,16425
Spain,Malaysia,-0.152,47.72,1404
Spain,China,-0.1544,47.88,24665
Spain,Singapore,-0.1694,46.21,1647
Spain,Argentina,-0.2778,47.27,34816
Spain,Vietnam,-0.315,48.82,467
Spain,Brazil,-0.3252,45.7,25394
Spain,Finland,-0.3395,38.82,4513
Spain,Chile,-0.3423,46.66,5277
Spain,Australia,-0.3474,45.64,4741
Spain,Denmark,-0.4494,41.11,11040
Spain,Italy,-0.4543,47.14,59205
Spain,Romania,-0.4683,41.67,5776
Spain,Spain,-0.4965,42.77,1218050
Spain,Belgium,-0.5121,40.64,22905
Spain,Greece,-0.5132,45.88,14941
Spain,Poland,-0.5448,41.76,10021
Spain,India,-0.5791,48.6,465
Spain,New Zealand,-0.594,41.72,1558
Spain,Thailand,-0.6916,41.1,6844
Spain,Germany,-0.8544,36.31,71149
Spain,France,-1.0006,37.06,101752
Spain,Canada,-1.0288,36.54,18569
Spain,United Kingdom,-1.0483,33.54,55431
Spain,South Africa,-1.0749,38.36,2672
Spain,Mexico,-1.1002,38.22,88341
Spain,Philippines,-1.1181,39.38,2382
Spain,Nigeria,-1.1213,36.36,1463
Spain,United States,-1.1539,33.59,148804
Spain,Egypt,-1.2341,31.8,6724
Spain,Peru,-1.2485,36.64,8965
Spain,Colombia,-1.2804,32.51,24821
Spain,Turkey,-1.2857,29.46,18299
Spain,South Korea,-1.3213,45.88,3230
Spain,Sweden,-1.5163,28.07,209253
Spain,Hungary,-1.6774,24.78,8201
Spain,Saudi Arabia,-1.7115,26.4,12976
Spain,Bangladesh,-2.1343,19.78,460
Spain,Qatar,-2.1708,20.05,1830
Spain,Indonesia,-2.5274,33.21,3083
Spain,Ukraine,-2.5282,12.42,80011
Spain,Russia,-2.7371,11.18,107651
Spain,Iraq,-3.3421,5.03,11542
Spain,Iran,-3.3582,5.7,216992
Spain,Israel,-3.4054,8.04,45159
Spain,Pakistan,-5.0953,3.14,10016
Sweden,Malaysia,0.5324,74.07,54
Sweden,Brazil,-0.0084,64.0,375
Sweden,Singapore,-0.2604,42.86,84
Sweden,Japan,-0.3614,39.71,1098
Sweden,Vietnam,-0.3993,36.96,92
Sweden,India,-0.607,39.28,387
Sweden,Bangladesh,-0.9704,37.5,80
Sweden,Indonesia,-1.0029,30.99,71
Sweden,Romania,-1.0674,27.38,84
Sweden,Italy,-1.3125,35.71,1260
Sweden,Norway,-1.3649,29.09,5373
Sweden,China,-1.4,29.41,2574
Sweden,Finland,-1.4346,29.7,1926
Sweden,Sweden,-1.733,24.99,69290
Sweden,Netherlands,-1.7336,23.02,443
Sweden,Germany,-1.856,21.62,3265
Sweden,France,-1.8871,23.76,5194
Sweden,New Zealand,-1.9771,29.73,74
Sweden,Philippines,-2.0154,30.68,88
Sweden,Egypt,-2.1064,15.14,350
Sweden,Denmark,-2.193,19.11,3537
Sweden,Australia,-2.251,20.13,755
Sweden,Czech Republic,-2.2947,30.89,191
Sweden,United Kingdom,-2.2987,18.89,5092
Sweden,Belgium,-2.4736,7.64,798
Sweden,Spain,-2.4894,26.63,1682
Sweden,Poland,-2.5404,15.12,529
Sweden,Portugal,-2.5946,18.32,404
Sweden,Argentina,-2.6019,9.89,91
Sweden,United States,-2.6164,13.89,23818
Sweden,Ukraine,-2.6343,11.86,13789
Sweden,South Korea,-2.9156,11.09,613
Sweden,Canada,-2.9269,18.05,1136
Sweden,Hungary,-3.0969,8.95,1329
Sweden,South Africa,-3.1212,18.13,182
Sweden,Russia,-3.1227,5.61,15336
Sweden,Colombia,-3.2584,5.17,406
Sweden,Turkey,-3.4115,8.81,454
Sweden,Qatar,-3.5089,8.89,1080
Sweden,Mexico,-3.7836,4.84,703
Sweden,Chile,-3.9533,12.0,125
Sweden,Iraq,-3.9788,4.19,1146
Sweden,Saudi Arabia,-4.0077,7.52,652
Sweden,Thailand,-4.2228,8.51,693
Sweden,Iran,-4.3577,3.39,20938
Sweden,Greece,-4.4824,23.09,511
Sweden,Peru,-4.5205,15.79,114
Sweden,Israel,-4.5758,4.28,8537
Sweden,Pakistan,-6.4492,1.76,910
Sweden,Nigeria,-9.2869,4.37,183
Thailand,South Africa,2.6902,77.0,9755
Thailand,New Zealand,1.9706,70.91,110
Thailand,Finland,1.8562,56.31,103
Thailand,Thailand,1.6511,66.6,96370
Thailand,Singapore,1.3683,75.22,347
Thailand,Japan,1.3313,67.02,5242
Thailand,Hungary,1.2009,86.36,88
Thailand,Canada,1.0488,67.72,3718
Thailand,China,0.9785,59.83,12159
Thailand,Romania,0.9332,75.0,8
Thailand,Czech Republic,0.7481,54.7,1203
Thailand,Egypt,0.6264,69.77,172
Thailand,India,0.5946,60.87,2093
Thailand,Italy,0.5317,58.79,1774
Thailand,Malaysia,0.5167,59.25,751
Thailand,Spain,0.4208,56.25,1289
Thailand,Netherlands,0.3399,47.09,172
Thailand,Denmark,0.1427,49.24,197
Thailand,United Kingdom,0.1164,51.71,5535
Thailand,South Korea,0.0859,50.28,1810
Thailand,Vietnam,0.0701,62.66,873
Thailand,Germany,-0.1423,41.67,876
Thailand,Saudi Arabia,-0.1805,38.95,683
Thailand,Poland,-0.2207,38.71,93
Thailand,Bangladesh,-0.3254,45.47,585
Thailand,Australia,-0.3321,47.07,937
Thailand,Chile,-0.3665,53.33,60
Thailand,Indonesia,-0.456,47.19,481
Thailand,Belgium,-0.466,34.59,133
Thailand,France,-0.4862,40.91,1095
Thailand,Brazil,-0.6043,41.54,272
Thailand,Nigeria,-0.6845,27.27,44
Thailand,Turkey,-0.6931,48.45,483
Thailand,Philippines,-0.7179,43.88,417
Thailand,Portugal,-0.9025,52.08,144
Thailand,United States,-1.0227,33.82,13010
Thailand,Sweden,-1.0633,42.38,151
Thailand,Norway,-1.2445,13.9,187
Thailand,Russia,-1.502,29.96,2477
Thailand,Mexico,-1.5651,28.14,590
Thailand,Greece,-1.8694,25.32,79
Thailand,Ukraine,-2.1736,18.49,730
Thailand,Argentina,-2.7522,22.95,61
Thailand,Colombia,-2.8229,10.0,60
Thailand,Peru,-2.8322,22.22,72
Thailand,Iraq,-2.9592,8.02,187
Thailand,Iran,-3.0516,10.28,9461
Thailand,Israel,-3.4455,8.16,2646
Thailand,Qatar,-3.6766,3.66,464
Thailand,Pakistan,-5.2763,3.36,238
Turkey,Vietnam,1.9844,68.71,342
Turkey,Czech Republic,0.8173,77.42,124
Turkey,Netherlands,0.7032,59.67,2752
Turkey,Argentina,0.3068,50.82,728
Turkey,Brazil,0.2859,53.11,1704
Turkey,Romania,0.2859,58.34,833
Turkey,Turkey,0.0977,53.19,293271
Turkey,Portugal,0.0669,52.47,1801
Turkey,Italy,0.0592,52.65,8927
Turkey,Finland,0.0074,47.72,570
Turkey,Thailand,-0.0299,40.0,570
Turkey,Malaysia,-0.0502,60.0,310
Turkey,Norway,-0.0961,42.58,1672
Turkey,Chile,-0.1056,57.14,259
Turkey,Singapore,-0.1375,44.17,326
Turkey,Bangladesh,-0.1696,40.13,1221
Turkey,Belgium,-0.1927,46.38,2460
Turkey,Spain,-0.2857,45.67,8261
Turkey,Saudi Arabia,-0.2862,49.36,9948
Turkey,Denmark,-0.5394,35.9,1248
Turkey,Sweden,-0.5628,44.03,1106
Turkey,Nigeria,-0.5781,48.13,1845
Turkey,South Korea,-0.6095,45.0,2880
Turkey,Poland,-0.6261,41.91,1725
Turkey,India,-0.6408,45.24,4158
Turkey,Greece,-0.7309,42.91,6527
Turkey,Japan,-0.7712,36.76,6833
Turkey,China,-0.7734,36.34,15831
Turkey,Indonesia,-0.8159,44.63,1109
Turkey,Germany,-0.826,39.94,15921
Turkey,Egypt,-0.8556,44.55,1854
Turkey,France,-1.2597,35.26,10575
Turkey,Colombia,-1.2706,42.46,617
Turkey,South Africa,-1.3191,38.57,363
Turkey,United Kingdom,-1.347,29.03,12041
Turkey,Hungary,-1.4573,32.88,1758
Turkey,Canada,-1.6619,37.25,3173
Turkey,United States,-1.972,21.65,37331
Turkey,Ukraine,-2.2241,24.03,11091
Turkey,Australia,-2.358,28.2,2383
Turkey,Iraq,-2.3785,16.9,6521
Turkey,Qatar,-2.5626,21.19,4511
Turkey,Russia,-2.6435,18.98,9998
Turkey,New Zealand,-2.8256,33.45,281
Turkey,Mexico,-3.0869,15.37,2908
Turkey,Philippines,-3.0995,10.1,416
Turkey,Iran,-3.2524,10.16,98584
Turkey,Israel,-3.4662,14.01,76849
Turkey,Pakistan,-5.0407,11.08,6167
Turkey,Peru,-6.2425,6.2,129
Ukraine,Portugal,0.9498,62.93,750
Ukraine,Japan,0.7779,58.12,2101
Ukraine,Finland,0.6653,53.32,1459
Ukraine,Denmark,0.5681,57.46,1521
Ukraine,Norway,0.176,48.44,2498
Ukraine,Netherlands,0.097,50.41,1934
Ukraine,Sweden,-0.0279,49.77,2174
Ukraine,Italy,-0.1043,49.08,4338
Ukraine,Greece,-0.3348,47.18,1009
Ukraine,Argentina,-0.4642,39.9,193
Ukraine,France,-0.5565,42.06,7277
Ukraine,Vietnam,-0.6042,35.55,256
Ukraine,Egypt,-0.6951,39.78,445
Ukraine,Australia,-0.7129,42.82,766
Ukraine,Czech Republic,-0.785,40.15,3101
Ukraine,Chile,-0.8432,51.46,206
Ukraine,Canada,-0.8918,41.93,2249
Ukraine,Spain,-0.962,39.06,3341
Ukraine,Thailand,-1.1338,25.81,248
Ukraine,South Africa,-1.1618,30.15,398
Ukraine,Malaysia,-1.187,26.98,63
Ukraine,Brazil,-1.1979,36.95,387
Ukraine,Belgium,-1.245,31.64,1577
Ukraine,New Zealand,-1.3421,23.01,339
Ukraine,Singapore,-1.3736,23.08,104
Ukraine,Germany,-1.4919,31.93,12577
Ukraine,United Kingdom,-1.5698,33.1,10073
Ukraine,China,-1.6083,21.57,9327
Ukraine,Hungary,-1.6085,22.51,15216
Ukraine,Poland,-1.7946,32.9,9101
Ukraine,United States,-1.8404,24.21,40336
Ukraine,Romania,-1.9579,23.84,1208
Ukraine,Turkey,-2.2512,25.88,2670
Ukraine,India,-2.3939,15.66,2522
Ukraine,South Korea,-2.6736,27.3,1304
Ukraine,Saudi Arabia,-2.683,19.84,1497
Ukraine,Ukraine,-2.8581,23.38,315518
Ukraine,Iran,-3.1736,9.48,37116
Ukraine,Qatar,-3.2078,8.88,1385
Ukraine,Iraq,-3.2476,8.24,886
Ukraine,Israel,-3.339,8.53,10614
Ukraine,Mexico,-3.5647,18.67,889
Ukraine,Russia,-3.7813,11.81,106057
Ukraine,Philippines,-3.9842,14.46,83
Ukraine,Indonesia,-4.1842,17.02,476
Ukraine,Colombia,-4.3651,27.37,179
Ukraine,Bangladesh,-4.5305,14.63,82
Ukraine,Nigeria,-5.2039,11.73,179
Ukraine,Pakistan,-5.2174,12.26,881
Ukraine,Peru,-5.2958,22.35,358
United Kingdom,Italy,1.1196,66.37,32051
United Kingdom,Peru,1.0236,51.83,1204
United Kingdom,Argentina,0.5447,69.37,3382
United Kingdom,Japan,0.315,62.12,27379
United Kingdom,New Zealand,0.0199,45.79,6561
United Kingdom,Czech Republic,-0.1222,37.7,1663
United Kingdom,Chile,-0.2029,53.85,1092
United Kingdom,Spain,-0.3407,49.35,29674
United Kingdom,Portugal,-0.3664,55.26,6815
United Kingdom,South Africa,-0.467,41.12,19453
United Kingdom,United Kingdom,-0.5359,39.01,1759521
United Kingdom,Norway,-0.6183,37.66,6218
United Kingdom,Canada,-0.6633,35.8,34287
United Kingdom,Brazil,-0.6891,47.04,8208
United Kingdom,Netherlands,-0.7195,50.96,10677
United Kingdom,Vietnam,-0.752,35.77,7610
United Kingdom,Singapore,-0.8329,30.19,6071
United Kingdom,Malaysia,-0.9669,44.71,2863
United Kingdom,Bangladesh,-1.0079,36.51,5056
United Kingdom,Egypt,-1.1655,34.49,15436
United Kingdom,Romania,-1.1826,36.73,1617
United Kingdom,Hungary,-1.294,48.2,9948
United Kingdom,Saudi Arabia,-1.319,28.55,45766
United Kingdom,Thailand,-1.4045,29.14,11443
United Kingdom,India,-1.4558,34.02,21373
United Kingdom,China,-1.4671,33.05,67702
United Kingdom,Denmark,-1.4922,23.17,8084
United Kingdom,Sweden,-1.5689,29.37,8246
United Kingdom,Australia,-1.5717,30.97,67683
United Kingdom,Finland,-1.6289,32.55,2074
United Kingdom,Turkey,-1.6571,24.83,19819
United Kingdom,Poland,-1.6787,28.88,6828
United Kingdom,Indonesia,-1.7579,26.03,4414
United Kingdom,Germany,-1.8185,19.45,51571
United Kingdom,France,-1.8806,30.88,64239
United Kingdom,Colombia,-1.9178,25.27,2640
United Kingdom,United States,-1.9329,24.11,280966
United Kingdom,Belgium,-2.1144,40.15,6244
United Kingdom,Nigeria,-2.2691,33.68,5350
United Kingdom,Greece,-2.281,31.12,15897
United Kingdom,Qatar,-2.4181,7.75,38524
United Kingdom,Ukraine,-2.7883,9.49,89530
United Kingdom,Philippines,-3.2728,21.78,1616
United Kingdom,Russia,-3.5029,7.57,111595
United Kingdom,Israel,-3.6869,6.21,238618
United Kingdom,Iran,-3.7297,2.74,470054
United Kingdom,Iraq,-3.8234,4.08,25273
United Kingdom,South Korea,-3.853,24.48,9683
United Kingdom,Mexico,-4.7347,8.46,40621
United Kingdom,Pakistan,-5.8739,8.61,45589
United States,Italy,0.9732,70.82,147578
United States,Finland,0.3843,60.04,5058
United States,Norway,0.213,51.38,13383
United States,Czech Republic,0.0916,55.4,5509
United States,Singapore,-0.0813,53.67,3192
United States,Brazil,-0.0874,48.35,16590
United States,Denmark,-0.2141,38.95,9409
United States,Japan,-0.2151,44.15,42360
United States,India,-0.2776,49.44,34648
United States,Chile,-0.4501,44.53,3153
United States,Portugal,-0.4579,49.15,5272
United States,Netherlands,-0.4757,53.76,8314
United States,Belgium,-0.5305,44.34,4330
United States,Vietnam,-0.6673,37.08,8819
United States,Sweden,-0.6687,45.76,14302
United States,Argentina,-0.708,41.95,18041
United States,Spain,-0.8177,40.12,30229
United States,South Africa,-0.8739,40.49,5728
United States,Canada,-0.9032,38.5,112183
United States,China,-0.9943,32.71,91092
United States,United States,-0.9974,36.8,1725319
United States,Greece,-1.0754,44.87,8649
United States,South Korea,-1.0758,40.94,24191
United States,France,-1.0844,40.39,54635
United States,Poland,-1.1178,34.78,5192
United States,Colombia,-1.1522,34.85,26403
United States,Thailand,-1.2939,35.33,7497
United States,Malaysia,-1.35,30.37,1643
United States,Australia,-1.4588,36.06,24024
United States,New Zealand,-1.4716,39.9,4592
United States,Germany,-1.5086,30.57,37549
United States,Indonesia,-1.5254,31.89,16731
United States,United Kingdom,-1.5878,29.16,68219
United States,Romania,-1.7325,29.74,1291
United States,Bangladesh,-1.8806,13.87,4368
United States,Philippines,-1.9617,29.32,5195
United States,Hungary,-2.0845,41.63,11217
United States,Peru,-2.4483,25.61,4452
United States,Turkey,-2.5646,21.81,13148
United States,Mexico,-2.6886,21.0,108151
United States,Egypt,-2.7374,16.73,12333
United States,Russia,-3.2241,10.25,103617
United States,Ukraine,-3.3527,7.33,78539
United States,Qatar,-3.6785,5.22,17736
United States,Saudi Arabia,-3.764,7.09,23922
United States,Iran,-3.939,1.88,420480
United States,Iraq,-3.9614,2.09,24089
United States,Nigeria,-3.9959,15.84,7312
United States,Israel,-4.0722,4.19,214780
United States,Pakistan,-6.0108,4.27,31267
